league,multiplier,log_factor,standard_error,pairs,model_version
NHL,1.0,0.0,0.0,21076,rosteriq-prospects-v1
Russia,0.6542,0.4244,0.0727,161,rosteriq-prospects-v1
KHL,0.5884,0.5304,0.0162,5329,rosteriq-prospects-v1
SHL,0.5078,0.6776,0.0161,5023,rosteriq-prospects-v1
AHL,0.4341,0.8345,0.0075,23361,rosteriq-prospects-v1
Czechia,0.4271,0.8507,0.0241,1897,rosteriq-prospects-v1
NL,0.4125,0.8855,0.0254,1594,rosteriq-prospects-v1
Liiga,0.3645,1.0093,0.0182,3272,rosteriq-prospects-v1
DEL,0.3228,1.1309,0.0244,1783,rosteriq-prospects-v1
HockeyAllsvenskan,0.2576,1.3562,0.0196,2609,rosteriq-prospects-v1
VHL,0.2387,1.4325,0.0303,1118,rosteriq-prospects-v1
ICEHL,0.2311,1.4651,0.0264,955,rosteriq-prospects-v1
Austria,0.227,1.4828,0.0794,64,rosteriq-prospects-v1
NCAA,0.2266,1.4845,0.0148,8485,rosteriq-prospects-v1
Belarus,0.2111,1.5555,0.0815,117,rosteriq-prospects-v1
Slovakia,0.2094,1.5633,0.0288,812,rosteriq-prospects-v1
SL,0.1942,1.6389,0.0718,108,rosteriq-prospects-v1
ECHL,0.1935,1.6426,0.0128,6428,rosteriq-prospects-v1
Czechia2,0.1894,1.6639,0.0423,498,rosteriq-prospects-v1
Swiss-2,0.1886,1.6682,0.1351,32,rosteriq-prospects-v1
EIHL,0.1671,1.7893,0.0361,469,rosteriq-prospects-v1
CHL,0.1622,1.8192,0.057,164,rosteriq-prospects-v1
Ligue Magnus,0.1581,1.8446,0.0629,202,rosteriq-prospects-v1
Denmark,0.1507,1.8923,0.0426,358,rosteriq-prospects-v1
Norway,0.15,1.8972,0.0457,328,rosteriq-prospects-v1
France,0.1471,1.9166,0.1112,52,rosteriq-prospects-v1
DEL2,0.1439,1.9385,0.0376,478,rosteriq-prospects-v1
NLB,0.1421,1.9511,0.1201,32,rosteriq-prospects-v1
Mestis,0.1414,1.9564,0.0419,434,rosteriq-prospects-v1
SPHL,0.136,1.9951,0.115,75,rosteriq-prospects-v1
OHL,0.1334,2.0147,0.0157,6402,rosteriq-prospects-v1
Russia-Jr.,0.1303,2.0377,0.0538,244,rosteriq-prospects-v1
USports,0.1293,2.0457,0.0423,797,rosteriq-prospects-v1
LNAH,0.1284,2.0523,0.0783,366,rosteriq-prospects-v1
Italy,0.1282,2.0544,0.0868,59,rosteriq-prospects-v1
WHL,0.1266,2.0669,0.017,5744,rosteriq-prospects-v1
CIS,0.1222,2.1021,0.0922,60,rosteriq-prospects-v1
USHL,0.1188,2.1301,0.0182,4878,rosteriq-prospects-v1
Poland,0.1143,2.1691,0.1004,74,rosteriq-prospects-v1
QMJHL,0.1113,2.1954,0.0209,3538,rosteriq-prospects-v1
NTDP,0.1082,2.2237,0.0211,2550,rosteriq-prospects-v1
Division 1,0.1035,2.2685,0.0987,73,rosteriq-prospects-v1
MHL,0.1004,2.2982,0.0329,1291,rosteriq-prospects-v1
Erste Liga,0.0975,2.3278,0.0839,82,rosteriq-prospects-v1
HockeyEttan,0.0943,2.3614,0.0417,505,rosteriq-prospects-v1
Russia-3,0.0938,2.3665,0.079,166,rosteriq-prospects-v1
NAHL,0.0937,2.3673,0.0314,758,rosteriq-prospects-v1
AlpsHL,0.0921,2.3849,0.0729,122,rosteriq-prospects-v1
SuperElit,0.091,2.3966,0.1021,58,rosteriq-prospects-v1
Elite Jr. A,0.091,2.3968,0.1148,54,rosteriq-prospects-v1
Kazakhstan,0.0877,2.4337,0.149,43,rosteriq-prospects-v1
Germany3,0.0877,2.434,0.0919,105,rosteriq-prospects-v1
U20 SM-sarja,0.0826,2.4943,0.0301,1471,rosteriq-prospects-v1
Jr. A SM-liiga,0.0766,2.5687,0.1433,31,rosteriq-prospects-v1
J20 Nationell,0.0756,2.5817,0.0217,3735,rosteriq-prospects-v1
BCHL,0.0754,2.5845,0.0337,599,rosteriq-prospects-v1
Slovak-2,0.0707,2.6499,0.1368,31,rosteriq-prospects-v1
Slovakia2,0.0703,2.6555,0.0966,73,rosteriq-prospects-v1
U20-Elit,0.0685,2.6816,0.071,200,rosteriq-prospects-v1
Czechia U20,0.0657,2.722,0.0377,650,rosteriq-prospects-v1
AJHL,0.0635,2.7565,0.0478,258,rosteriq-prospects-v1
Latvia,0.0614,2.7896,0.1383,36,rosteriq-prospects-v1
DHL Cup,0.0609,2.7993,0.1319,37,rosteriq-prospects-v1
EJHL,0.0604,2.8063,0.0838,80,rosteriq-prospects-v1
ON-Jr.A,0.0593,2.8257,0.0668,95,rosteriq-prospects-v1
UMHSEL,0.0582,2.8435,0.0498,286,rosteriq-prospects-v1
CJHL,0.0573,2.8588,0.0733,84,rosteriq-prospects-v1
Czechia U19,0.0558,2.8866,0.1136,44,rosteriq-prospects-v1
NMHL,0.0546,2.9075,0.0953,75,rosteriq-prospects-v1
MHSL U18,0.0536,2.9265,0.126,46,rosteriq-prospects-v1
CCHL,0.0533,2.9311,0.0815,62,rosteriq-prospects-v1
OJHL,0.0519,2.9591,0.041,309,rosteriq-prospects-v1
Belarus Vysshaya,0.0506,2.9838,0.1208,67,rosteriq-prospects-v1
18U AAA,0.0493,3.0105,0.0612,148,rosteriq-prospects-v1
Romania,0.0482,3.0323,0.1322,44,rosteriq-prospects-v1
MJHL,0.0477,3.0437,0.101,36,rosteriq-prospects-v1
ON-Jr.B,0.0457,3.0861,0.0845,55,rosteriq-prospects-v1
UMHSEHL,0.0451,3.0999,0.0448,431,rosteriq-prospects-v1
Division 2,0.0444,3.1151,0.105,82,rosteriq-prospects-v1
HPHL 16U,0.0443,3.1163,0.0734,119,rosteriq-prospects-v1
OJHL-B,0.0427,3.1529,0.0862,67,rosteriq-prospects-v1
PHC,0.0418,3.1752,0.076,137,rosteriq-prospects-v1
U18 SM-sarja,0.041,3.1934,0.0411,768,rosteriq-prospects-v1
T1EHL,0.0409,3.1962,0.0469,276,rosteriq-prospects-v1
HPHL,0.0408,3.1984,0.1002,64,rosteriq-prospects-v1
Minor-MA,0.0407,3.2008,0.0829,142,rosteriq-prospects-v1
AIHL,0.0405,3.2058,0.1072,75,rosteriq-prospects-v1
QM18AAA,0.0405,3.2069,0.0831,109,rosteriq-prospects-v1
GOJHL,0.0392,3.2385,0.0722,88,rosteriq-prospects-v1
MWEHL,0.0391,3.2418,0.0702,103,rosteriq-prospects-v1
High-CT,0.0369,3.3007,0.0795,165,rosteriq-prospects-v1
Elite Novizen,0.0366,3.307,0.1481,49,rosteriq-prospects-v1
Slovakia U20,0.0364,3.3143,0.0661,184,rosteriq-prospects-v1
J18 Allsvenskan,0.0361,3.3218,0.0446,671,rosteriq-prospects-v1
QMAAA,0.0358,3.3296,0.0541,229,rosteriq-prospects-v1
NAPHL 18U,0.0358,3.3311,0.154,33,rosteriq-prospects-v1
USHS-Prep,0.0356,3.3343,0.0354,778,rosteriq-prospects-v1
Jr. B SM-sarja,0.0354,3.3405,0.1189,38,rosteriq-prospects-v1
NEPACK 15U,0.035,3.353,0.1571,30,rosteriq-prospects-v1
QAAA,0.0347,3.3596,0.047,276,rosteriq-prospects-v1
T1EHL 16U,0.0339,3.3845,0.0542,221,rosteriq-prospects-v1
Czechia U18,0.0333,3.4034,0.0545,337,rosteriq-prospects-v1
CAHS,0.0328,3.4175,0.0718,106,rosteriq-prospects-v1
UMWEHL,0.0327,3.4215,0.1379,54,rosteriq-prospects-v1
GTHL U16,0.0323,3.4317,0.0474,195,rosteriq-prospects-v1
Swe-U18,0.0322,3.4356,0.036,879,rosteriq-prospects-v1
MPHL,0.0321,3.4386,0.1445,50,rosteriq-prospects-v1
U18 AAA,0.0318,3.448,0.103,49,rosteriq-prospects-v1
Russia U17,0.0308,3.4799,0.0505,363,rosteriq-prospects-v1
J18 Nationell,0.0308,3.4805,0.0505,431,rosteriq-prospects-v1
High-MA,0.0307,3.4829,0.0606,323,rosteriq-prospects-v1
AMHL,0.0304,3.493,0.0434,369,rosteriq-prospects-v1
U16 AAA,0.0302,3.4993,0.0519,132,rosteriq-prospects-v1
SMAAAHL,0.0298,3.5118,0.0745,95,rosteriq-prospects-v1
T1EHL U16,0.0297,3.5153,0.0781,90,rosteriq-prospects-v1
U17-Elit,0.0287,3.5525,0.0974,159,rosteriq-prospects-v1
GTHL,0.0286,3.5551,0.0432,214,rosteriq-prospects-v1
CISAA,0.0285,3.5568,0.128,52,rosteriq-prospects-v1
16U AAA,0.0284,3.5614,0.0349,466,rosteriq-prospects-v1
J18 Elit,0.0282,3.5677,0.0407,859,rosteriq-prospects-v1
BCMML,0.0282,3.5682,0.0656,105,rosteriq-prospects-v1
High-NH,0.028,3.5754,0.1265,60,rosteriq-prospects-v1
SMHL,0.0279,3.5786,0.0565,179,rosteriq-prospects-v1
USHS-MN,0.0271,3.6064,0.0302,1694,rosteriq-prospects-v1
J18 Region,0.0269,3.6143,0.0441,615,rosteriq-prospects-v1
Slovakia U18,0.0263,3.64,0.0746,214,rosteriq-prospects-v1
Czechia U17,0.0261,3.6441,0.0545,355,rosteriq-prospects-v1
HPHL 15U,0.0261,3.647,0.1193,47,rosteriq-prospects-v1
Other,0.026,3.6478,0.0989,50,rosteriq-prospects-v1
MNBEL 14U,0.0259,3.652,0.0805,155,rosteriq-prospects-v1
AEHL U18,0.0257,3.6604,0.1186,42,rosteriq-prospects-v1
MU18HL,0.025,3.6886,0.1259,32,rosteriq-prospects-v1
CSSHL,0.025,3.69,0.1358,37,rosteriq-prospects-v1
Russia U18,0.0249,3.6912,0.0867,97,rosteriq-prospects-v1
CSSHL U18,0.0239,3.7333,0.0542,193,rosteriq-prospects-v1
NSMMHL,0.0238,3.7391,0.1192,50,rosteriq-prospects-v1
EmJHL,0.0237,3.7403,0.0928,75,rosteriq-prospects-v1
MMHL,0.0236,3.7452,0.069,121,rosteriq-prospects-v1
High-MI,0.0236,3.7485,0.1544,39,rosteriq-prospects-v1
Midget,0.0235,3.7489,0.0655,95,rosteriq-prospects-v1
MHSL U16,0.0232,3.7649,0.1083,79,rosteriq-prospects-v1
T1EHL 15U,0.023,3.7717,0.1024,59,rosteriq-prospects-v1
15U AAA,0.0229,3.7775,0.0423,262,rosteriq-prospects-v1
AYHL,0.0227,3.7839,0.1487,42,rosteriq-prospects-v1
GTMMHL,0.0227,3.7847,0.0827,41,rosteriq-prospects-v1
BCEHL U18,0.0227,3.7856,0.0927,54,rosteriq-prospects-v1
Division 3,0.022,3.818,0.1287,49,rosteriq-prospects-v1
NAPHL 16U,0.0218,3.8244,0.1299,42,rosteriq-prospects-v1
USPHL 16U,0.0217,3.8299,0.1266,53,rosteriq-prospects-v1
Minor-ON,0.0217,3.8312,0.0402,264,rosteriq-prospects-v1
Ger-Jr.,0.0214,3.8436,0.1241,72,rosteriq-prospects-v1
HEO U18,0.0213,3.849,0.0999,52,rosteriq-prospects-v1
Russia U16,0.0209,3.8666,0.0569,278,rosteriq-prospects-v1
T1EBHL,0.0207,3.8773,0.0865,111,rosteriq-prospects-v1
HPHL 14U,0.0205,3.8854,0.1206,65,rosteriq-prospects-v1
ALLIANCE U16,0.0204,3.8916,0.1036,43,rosteriq-prospects-v1
ETAHL U16,0.0202,3.9015,0.0872,70,rosteriq-prospects-v1
NAPHL,0.02,3.9102,0.1473,32,rosteriq-prospects-v1
Jr. C SM-sarja,0.0195,3.9373,0.1113,73,rosteriq-prospects-v1
AYHL 16U,0.0189,3.9685,0.0816,122,rosteriq-prospects-v1
Minor-BC,0.0189,3.9687,0.0812,57,rosteriq-prospects-v1
HPBHL,0.0184,3.9963,0.1629,41,rosteriq-prospects-v1
USHS-PA,0.0184,3.9976,0.1579,32,rosteriq-prospects-v1
High-WI,0.0179,4.0231,0.1134,84,rosteriq-prospects-v1
U16 SM-sarja,0.0176,4.0396,0.0706,184,rosteriq-prospects-v1
QM15AAA,0.0173,4.0565,0.1228,56,rosteriq-prospects-v1
USHS-ND,0.017,4.0756,0.1406,31,rosteriq-prospects-v1
QBAAA,0.0165,4.1064,0.1038,88,rosteriq-prospects-v1
Czechia U16,0.0164,4.1089,0.0724,270,rosteriq-prospects-v1
T1EHL 14U,0.0164,4.1122,0.1626,37,rosteriq-prospects-v1
CSSHL U16,0.0159,4.1413,0.0932,49,rosteriq-prospects-v1
J20 Div.1,0.0156,4.1634,0.1262,54,rosteriq-prospects-v1
AYHL 15U,0.0152,4.1853,0.1485,33,rosteriq-prospects-v1
14U AAA,0.0151,4.1929,0.0546,194,rosteriq-prospects-v1
Norway U18,0.014,4.2661,0.2131,42,rosteriq-prospects-v1
OEBHL,0.0139,4.2724,0.2091,31,rosteriq-prospects-v1
Bantam,0.0134,4.3119,0.0873,65,rosteriq-prospects-v1
T1EMBHL,0.0129,4.3497,0.1194,50,rosteriq-prospects-v1
AEHL U15,0.0129,4.3543,0.1505,36,rosteriq-prospects-v1
U16 Elit,0.0128,4.3554,0.0605,342,rosteriq-prospects-v1
USHS-WI,0.0126,4.3723,0.1063,67,rosteriq-prospects-v1
J18 Div.1,0.0125,4.3784,0.076,169,rosteriq-prospects-v1
AYHL 14U,0.0123,4.3959,0.1013,95,rosteriq-prospects-v1
PCBHL,0.0121,4.4175,0.1217,33,rosteriq-prospects-v1
AMBHL,0.0119,4.4295,0.0606,441,rosteriq-prospects-v1
Minor-AB,0.0118,4.4385,0.1,50,rosteriq-prospects-v1
U16 Region,0.0118,4.4388,0.0858,135,rosteriq-prospects-v1
CSSHL U15,0.011,4.5121,0.0689,203,rosteriq-prospects-v1
HEO U15,0.0109,4.5168,0.1384,44,rosteriq-prospects-v1
Slovakia U16,0.0103,4.5741,0.1309,54,rosteriq-prospects-v1
NSMBHL,0.0101,4.5936,0.1589,58,rosteriq-prospects-v1
WBAAA,0.0098,4.6267,0.1339,42,rosteriq-prospects-v1
U16 Div.1,0.0095,4.6563,0.0567,421,rosteriq-prospects-v1
WAAA U15,0.0093,4.6778,0.1382,53,rosteriq-prospects-v1
J18 Div.2,0.0093,4.6829,0.14,48,rosteriq-prospects-v1
Denmark U17,0.009,4.7115,0.3486,30,rosteriq-prospects-v1
U15-Elit,0.0088,4.731,0.1776,68,rosteriq-prospects-v1
15U AA,0.0085,4.7665,0.138,38,rosteriq-prospects-v1
AYHL 13U,0.0082,4.8048,0.1526,31,rosteriq-prospects-v1
SBAAHL,0.0075,4.8924,0.1408,48,rosteriq-prospects-v1
SAAHL U15,0.0075,4.8938,0.128,86,rosteriq-prospects-v1
Mini Top,0.0058,5.155,0.2201,36,rosteriq-prospects-v1
U16 Div.2,0.005,5.3062,0.1467,39,rosteriq-prospects-v1
Schüler-BL,0.003,5.8137,0.3048,71,rosteriq-prospects-v1
