team_abbrev,season,game_type,situation,goals_for,goals_against,x_goals_for,x_goals_against,x_goals_pct,m_unblocked_for,m_unblocked_against
ANA,2021-22,regular,all,217,249,211.6962,250.0287,0.4585,3307,3748
ARI,2021-22,regular,all,196,300,183.645,268.5956,0.4061,2949,3962
BOS,2021-22,regular,all,240,205,244.4726,201.1744,0.5486,3875,3229
BUF,2021-22,regular,all,217,269,200.7366,242.2521,0.4531,3258,3617
CAR,2021-22,regular,all,258,194,266.7189,223.6039,0.544,3937,3184
CBJ,2021-22,regular,all,240,284,219.6314,271.1188,0.4475,3417,3822
CGY,2021-22,regular,all,269,193,269.1548,211.6673,0.5598,3986,3259
CHI,2021-22,regular,all,205,270,215.8397,232.5917,0.4813,3120,3591
COL,2021-22,regular,all,288,220,245.2729,216.5673,0.5311,3789,3491
DAL,2021-22,regular,all,220,225,241.5881,222.6761,0.5204,3453,3501
DET,2021-22,regular,all,212,282,217.1737,259.9194,0.4552,3175,3677
EDM,2021-22,regular,all,264,242,274.7042,250.4537,0.5231,3738,3541
FLA,2021-22,regular,all,318,233,298.0731,229.6555,0.5648,4020,3292
LAK,2021-22,regular,all,216,224,256.2175,235.0816,0.5215,3901,3224
MIN,2021-22,regular,all,291,228,225.3581,211.0269,0.5164,3559,3476
MTL,2021-22,regular,all,205,297,211.6648,264.5618,0.4445,3217,3776
NJD,2021-22,regular,all,235,288,240.1831,240.8088,0.4993,3562,3491
NSH,2021-22,regular,all,245,233,216.7103,242.0311,0.4724,3424,3591
NYI,2021-22,regular,all,219,213,227.4292,243.2818,0.4832,3189,3617
NYR,2021-22,regular,all,234,200,223.6048,234.8467,0.4877,3260,3502
OTT,2021-22,regular,all,210,249,233.9107,257.5393,0.476,3391,3697
PHI,2021-22,regular,all,204,267,217.3264,256.2893,0.4589,3392,3741
PIT,2021-22,regular,all,247,207,259.194,222.41,0.5382,3785,3403
SEA,2021-22,regular,all,199,257,201.7007,212.491,0.487,3298,3252
SJS,2021-22,regular,all,201,238,208.9789,237.2135,0.4684,3293,3661
STL,2021-22,regular,all,287,225,237.3662,237.6573,0.4997,3295,3595
TBL,2021-22,regular,all,274,212,267.2261,233.5505,0.5336,3542,3341
TOR,2021-22,regular,all,296,241,276.4082,215.965,0.5614,3883,3367
VAN,2021-22,regular,all,230,221,237.4132,243.2595,0.4939,3552,3532
VGK,2021-22,regular,all,248,231,253.7462,237.0128,0.517,3793,3332
WPG,2021-22,regular,all,232,237,261.3691,254.2568,0.5069,3608,3681
WSH,2021-22,regular,all,249,232,230.1915,215.1176,0.5169,3559,3334
ANA,2021-22,regular,5on5,154,187,160.9695,174.6841,0.4796,2699,2947
ARI,2021-22,regular,5on5,157,221,139.5219,192.8607,0.4198,2395,3110
BOS,2021-22,regular,5on5,172,144,176.2301,133.5109,0.569,3084,2447
BUF,2021-22,regular,5on5,158,200,151.3038,178.4518,0.4588,2622,2903
CAR,2021-22,regular,5on5,193,142,198.3921,161.0897,0.5519,3170,2514
CBJ,2021-22,regular,5on5,177,214,159.9986,202.7902,0.441,2725,3108
CGY,2021-22,regular,5on5,196,139,197.4587,155.8451,0.5589,3208,2600
CHI,2021-22,regular,5on5,143,192,148.2064,167.714,0.4691,2438,2867
COL,2021-22,regular,5on5,198,153,168.1332,148.8003,0.5305,2924,2711
DAL,2021-22,regular,5on5,147,159,170.3648,161.1922,0.5138,2709,2794
DET,2021-22,regular,5on5,159,203,155.901,190.903,0.4495,2510,2995
EDM,2021-22,regular,5on5,181,173,187.0575,174.5943,0.5172,2933,2753
FLA,2021-22,regular,5on5,218,161,218.1139,161.8263,0.5741,3227,2535
LAK,2021-22,regular,5on5,155,153,180.5021,164.5621,0.5231,3084,2531
MIN,2021-22,regular,5on5,208,150,159.8259,140.4164,0.5323,2749,2626
MTL,2021-22,regular,5on5,155,196,154.5842,185.431,0.4546,2537,2932
NJD,2021-22,regular,5on5,182,216,185.2627,181.3365,0.5054,2938,2910
NSH,2021-22,regular,5on5,165,156,152.0657,156.7875,0.4924,2672,2675
NYI,2021-22,regular,5on5,159,160,165.9061,184.6038,0.4733,2540,2961
NYR,2021-22,regular,5on5,158,148,154.2806,173.466,0.4707,2520,2800
OTT,2021-22,regular,5on5,147,175,160.1385,182.8578,0.4669,2672,2889
PHI,2021-22,regular,5on5,159,190,153.3512,186.4221,0.4513,2634,3007
PIT,2021-22,regular,5on5,180,153,186.2772,158.1444,0.5408,3035,2699
SEA,2021-22,regular,5on5,152,188,147.439,156.973,0.4843,2635,2620
SJS,2021-22,regular,5on5,142,179,152.5071,175.0297,0.4656,2609,2959
STL,2021-22,regular,5on5,200,170,173.2339,180.3079,0.49,2582,2964
TBL,2021-22,regular,5on5,183,149,182.8539,163.5391,0.5279,2738,2622
TOR,2021-22,regular,5on5,208,182,197.1631,160.6549,0.551,3076,2714
VAN,2021-22,regular,5on5,157,143,166.601,172.6194,0.4911,2795,2797
VGK,2021-22,regular,5on5,184,166,189.1158,173.1114,0.5221,3101,2663
WPG,2021-22,regular,5on5,156,162,181.7796,180.1542,0.5022,2832,2889
WSH,2021-22,regular,5on5,179,158,162.0822,155.9415,0.5097,2807,2658
ANA,2021-22,regular,5on4,46,3,33.1478,5.6759,0.8538,392,84
ARI,2021-22,regular,5on4,24,4,25.108,6.3628,0.7978,320,83
BOS,2021-22,regular,5on4,45,6,45.0151,8.926,0.8345,525,112
BUF,2021-22,regular,5on4,46,6,32.4899,7.6073,0.8103,413,91
CAR,2021-22,regular,5on4,47,3,43.6131,6.5994,0.8686,491,84
CBJ,2021-22,regular,5on4,37,5,34.2823,8.1603,0.8077,414,92
CGY,2021-22,regular,5on4,51,3,50.0505,6.0017,0.8929,544,89
CHI,2021-22,regular,5on4,42,6,43.7464,6.0783,0.878,442,88
COL,2021-22,regular,5on4,60,4,51.6941,5.7989,0.8991,579,81
DAL,2021-22,regular,5on4,47,5,44.3454,7.3261,0.8582,455,100
DET,2021-22,regular,5on4,31,9,36.8519,6.7303,0.8456,386,84
EDM,2021-22,regular,5on4,56,6,57.6658,6.6495,0.8966,520,69
FLA,2021-22,regular,5on4,62,8,46.8649,6.6047,0.8765,472,83
LAK,2021-22,regular,5on4,36,8,47.9029,6.9779,0.8729,540,87
MIN,2021-22,regular,5on4,44,5,40.6432,5.9074,0.8731,485,95
MTL,2021-22,regular,5on4,32,12,34.9763,8.1701,0.8106,409,87
NJD,2021-22,regular,5on4,34,14,33.5518,9.6025,0.7775,374,93
NSH,2021-22,regular,5on4,61,5,43.1055,7.6181,0.8498,496,83
NYI,2021-22,regular,5on4,44,6,41.8923,5.9646,0.8754,406,77
NYR,2021-22,regular,5on4,50,2,42.2201,5.1252,0.8917,470,74
OTT,2021-22,regular,5on4,43,4,47.7961,5.7485,0.8926,464,75
PHI,2021-22,regular,5on4,25,8,37.4724,7.2142,0.8386,468,97
PIT,2021-22,regular,5on4,43,7,49.0709,9.0499,0.8443,488,104
SEA,2021-22,regular,5on4,29,5,34.6928,4.8636,0.877,429,74
SJS,2021-22,regular,5on4,38,10,36.1958,6.7391,0.843,423,92
STL,2021-22,regular,5on4,63,5,46.217,7.6332,0.8583,475,91
TBL,2021-22,regular,5on4,56,4,54.668,8.8702,0.8604,534,94
TOR,2021-22,regular,5on4,58,3,47.5649,5.3884,0.8982,506,79
VAN,2021-22,regular,5on4,56,6,45.5546,5.8901,0.8855,491,78
VGK,2021-22,regular,5on4,35,6,39.9551,6.5474,0.8592,439,81
WPG,2021-22,regular,5on4,49,7,50.2538,6.4056,0.8869,510,89
WSH,2021-22,regular,5on4,46,8,41.4493,6.3529,0.8671,482,104
ANA,2021-22,regular,4on5,4,37,5.0378,49.6593,0.0921,71,520
ARI,2021-22,regular,4on5,3,62,4.5371,51.7818,0.0806,72,601
BOS,2021-22,regular,4on5,4,43,6.3879,41.7625,0.1327,89,473
BUF,2021-22,regular,4on5,5,48,4.8917,42.3115,0.1036,77,468
CAR,2021-22,regular,4on5,4,29,9.9555,35.2038,0.2205,119,387
CBJ,2021-22,regular,4on5,7,44,8.4205,43.3943,0.1625,117,451
CGY,2021-22,regular,4on5,6,37,8.0415,35.1676,0.1861,98,407
CHI,2021-22,regular,4on5,2,48,6.1767,41.6696,0.1291,70,462
COL,2021-22,regular,4on5,6,42,6.7188,41.6493,0.1389,86,465
DAL,2021-22,regular,4on5,7,43,5.5067,34.115,0.139,77,398
DET,2021-22,regular,4on5,4,53,5.2393,43.2512,0.108,82,423
EDM,2021-22,regular,4on5,11,51,8.8477,51.535,0.1465,117,536
FLA,2021-22,regular,4on5,12,49,10.9765,45.9284,0.1929,105,524
LAK,2021-22,regular,4on5,11,52,8.0943,46.7589,0.1476,95,459
MIN,2021-22,regular,4on5,2,60,4.2859,47.7658,0.0823,74,566
MTL,2021-22,regular,4on5,5,66,7.0923,51.8361,0.1204,108,572
NJD,2021-22,regular,4on5,5,37,4.8584,35.8103,0.1195,74,356
NSH,2021-22,regular,4on5,2,53,4.3595,54.3846,0.0742,70,577
NYI,2021-22,regular,4on5,4,32,6.2798,35.3495,0.1509,84,410
NYR,2021-22,regular,4on5,7,38,7.0537,41.471,0.1454,82,470
OTT,2021-22,regular,4on5,8,48,8.8809,49.1062,0.1532,97,545
PHI,2021-22,regular,4on5,6,51,6.5307,45.3213,0.1259,85,472
PIT,2021-22,regular,4on5,3,29,4.4652,34.3527,0.115,73,409
SEA,2021-22,regular,4on5,8,51,6.4626,41.5772,0.1345,72,452
SJS,2021-22,regular,4on5,4,30,5.2712,40.6656,0.1147,100,443
STL,2021-22,regular,4on5,7,33,6.0661,33.8448,0.152,88,375
TBL,2021-22,regular,4on5,7,45,7.9756,42.1582,0.1591,79,456
TOR,2021-22,regular,4on5,12,41,10.8588,33.8568,0.2428,124,387
VAN,2021-22,regular,4on5,3,51,5.5267,45.793,0.1077,72,477
VGK,2021-22,regular,4on5,9,46,7.2386,40.2649,0.1524,75,415
WPG,2021-22,regular,4on5,8,50,10.0529,46.7289,0.177,90,499
WSH,2021-22,regular,4on5,7,37,6.4993,35.583,0.1544,72,387
BOS,2021-22,playoffs,all,18,21,19.4534,19.3739,0.501,323,308
CAR,2021-22,playoffs,all,33,36,41.514,37.1733,0.5276,642,586
CGY,2021-22,playoffs,all,31,35,40.4165,34.0681,0.5426,691,501
COL,2021-22,playoffs,all,79,54,64.0866,44.5392,0.59,1053,753
DAL,2021-22,playoffs,all,11,12,16.9047,23.944,0.4138,276,420
EDM,2021-22,playoffs,all,63,55,52.2794,53.4775,0.4943,755,847
FLA,2021-22,playoffs,all,23,27,32.2539,30.1347,0.517,501,406
LAK,2021-22,playoffs,all,16,26,22.8877,24.2757,0.4853,354,352
MIN,2021-22,playoffs,all,14,19,17.4202,16.8836,0.5078,272,243
NSH,2021-22,playoffs,all,9,19,7.9034,15.1014,0.3436,143,227
NYR,2021-22,playoffs,all,58,53,53.8603,72.7922,0.4253,856,1038
PIT,2021-22,playoffs,all,27,26,28.9442,21.1036,0.5783,417,361
STL,2021-22,playoffs,all,36,34,28.6674,34.0859,0.4568,451,581
TBL,2021-22,playoffs,all,60,59,70.4151,69.5413,0.5031,955,1052
TOR,2021-22,playoffs,all,22,21,22.0127,21.8168,0.5022,309,282
WSH,2021-22,playoffs,all,17,20,17.2561,17.9643,0.4899,244,285
BOS,2021-22,playoffs,5on5,10,16,11.0624,11.1276,0.4985,229,209
CAR,2021-22,playoffs,5on5,24,21,28.4166,24.9074,0.5329,485,444
CGY,2021-22,playoffs,5on5,25,27,27.9234,23.2897,0.5452,531,379
COL,2021-22,playoffs,5on5,57,42,45.7292,31.8819,0.5892,844,598
DAL,2021-22,playoffs,5on5,8,10,12.2041,16.6993,0.4222,215,324
EDM,2021-22,playoffs,5on5,46,43,36.8654,35.633,0.5085,602,639
FLA,2021-22,playoffs,5on5,20,16,23.4218,20.0301,0.539,395,297
LAK,2021-22,playoffs,5on5,12,16,14.706,17.8268,0.452,265,294
MIN,2021-22,playoffs,5on5,10,11,11.6504,9.1301,0.5606,199,165
NSH,2021-22,playoffs,5on5,6,12,6.4693,10.3344,0.385,121,175
NYR,2021-22,playoffs,5on5,38,38,39.1296,56.4828,0.4093,686,858
PIT,2021-22,playoffs,5on5,20,18,22.7421,15.1405,0.6003,348,295
STL,2021-22,playoffs,5on5,23,27,17.6497,24.9851,0.414,335,474
TBL,2021-22,playoffs,5on5,41,36,46.5959,45.6296,0.5052,712,787
TOR,2021-22,playoffs,5on5,13,12,13.6223,12.8135,0.5153,220,196
WSH,2021-22,playoffs,5on5,10,18,11.6396,13.9159,0.4555,178,231
BOS,2021-22,playoffs,5on4,5,0,4.7058,0.4871,0.9062,47,14
CAR,2021-22,playoffs,5on4,6,1,8.3845,0.8117,0.9117,102,16
CGY,2021-22,playoffs,5on4,4,1,8.9968,1.7001,0.8411,102,21
COL,2021-22,playoffs,5on4,17,0,13.8944,0.3051,0.9785,144,11
DAL,2021-22,playoffs,5on4,1,0,2.3292,0.6313,0.7868,31,15
EDM,2021-22,playoffs,5on4,12,1,11.6304,1.0313,0.9185,108,20
FLA,2021-22,playoffs,5on4,1,0,6.2619,0.9414,0.8693,69,16
LAK,2021-22,playoffs,5on4,3,2,6.4787,0.5753,0.9184,65,9
MIN,2021-22,playoffs,5on4,4,0,4.4831,0.6572,0.8722,51,11
NSH,2021-22,playoffs,5on4,3,1,0.9643,0.6825,0.5856,13,9
NYR,2021-22,playoffs,5on4,16,3,10.0924,1.2761,0.8877,110,22
PIT,2021-22,playoffs,5on4,5,2,4.0359,1.3592,0.7481,41,14
STL,2021-22,playoffs,5on4,11,0,8.6304,0.6151,0.9335,81,12
TBL,2021-22,playoffs,5on4,13,3,17.3869,2.6099,0.8695,174,36
TOR,2021-22,playoffs,5on4,3,1,5.0619,1.149,0.815,51,10
WSH,2021-22,playoffs,5on4,6,0,2.599,0.156,0.9434,37,2
BOS,2021-22,playoffs,4on5,1,4,0.6244,5.1872,0.1074,13,62
CAR,2021-22,playoffs,4on5,2,11,1.3999,7.088,0.1649,25,75
CGY,2021-22,playoffs,4on5,1,4,0.9194,6.6735,0.1211,25,72
COL,2021-22,playoffs,4on5,2,9,1.6941,9.5919,0.1501,30,104
DAL,2021-22,playoffs,4on5,0,1,0.6609,4.7249,0.1227,9,59
EDM,2021-22,playoffs,4on5,3,10,1.636,14.2732,0.1028,23,147
FLA,2021-22,playoffs,4on5,0,10,0.6502,6.6915,0.0886,8,75
LAK,2021-22,playoffs,4on5,0,7,0.4897,4.6586,0.0951,3,40
MIN,2021-22,playoffs,4on5,0,8,0.1758,6.6504,0.0258,5,59
NSH,2021-22,playoffs,4on5,0,5,0.171,3.2937,0.0494,2,35
NYR,2021-22,playoffs,4on5,2,10,1.8826,11.0025,0.1461,24,117
PIT,2021-22,playoffs,4on5,1,6,0.1448,4.0461,0.0346,5,44
STL,2021-22,playoffs,4on5,0,7,0.6581,7.0689,0.0852,13,73
TBL,2021-22,playoffs,4on5,1,13,1.8748,16.8162,0.1003,26,172
TOR,2021-22,playoffs,4on5,2,5,1.4609,5.5051,0.2097,16,58
WSH,2021-22,playoffs,4on5,0,0,0.5457,2.664,0.17,11,34
ANA,2022-23,regular,all,197,323,207.1542,325.8052,0.3887,3170,4342
ARI,2022-23,regular,all,212,284,204.268,292.6365,0.4111,2944,3977
BOS,2022-23,regular,all,283,168,263.3698,222.3751,0.5422,3621,3410
BUF,2022-23,regular,all,278,280,261.8214,270.6524,0.4917,3594,3629
CAR,2022-23,regular,all,249,197,272.6381,205.0294,0.5708,4201,2901
CBJ,2022-23,regular,all,203,315,227.4356,288.5495,0.4408,3356,4055
CGY,2022-23,regular,all,246,239,276.7982,231.1972,0.5449,4092,3149
CHI,2022-23,regular,all,192,278,200.8344,270.9674,0.4257,3041,3750
COL,2022-23,regular,all,262,211,255.0706,221.6533,0.535,3654,3390
DAL,2022-23,regular,all,263,205,265.0529,231.4914,0.5338,3602,3435
DET,2022-23,regular,all,223,262,216.5737,235.5808,0.479,3179,3502
EDM,2022-23,regular,all,307,247,305.2529,251.0499,0.5487,3680,3461
FLA,2022-23,regular,all,270,249,291.9752,244.093,0.5447,4102,3530
LAK,2022-23,regular,all,256,247,254.3892,228.7376,0.5265,3642,3254
MIN,2022-23,regular,all,221,206,242.4867,230.9956,0.5121,3578,3480
MTL,2022-23,regular,all,219,286,212.8949,286.0249,0.4267,3050,3763
NJD,2022-23,regular,all,270,210,286.3674,229.451,0.5552,3863,3314
NSH,2022-23,regular,all,211,224,236.3835,275.0723,0.4622,3425,3808
NYI,2022-23,regular,all,227,200,238.7558,241.432,0.4972,3519,3590
NYR,2022-23,regular,all,257,210,264.0662,242.1592,0.5216,3607,3336
OTT,2022-23,regular,all,245,255,274.5471,258.6658,0.5149,3813,3528
PHI,2022-23,regular,all,209,257,208.9871,254.5751,0.4508,3330,3641
PIT,2022-23,regular,all,247,248,276.1588,253.1508,0.5217,3868,3608
SEA,2022-23,regular,all,274,240,230.9677,221.4905,0.5105,3529,3208
SJS,2022-23,regular,all,221,294,238.1684,263.5804,0.4747,3362,3671
STL,2022-23,regular,all,246,277,224.6593,264.1613,0.4596,3182,3687
TBL,2022-23,regular,all,262,234,274.1462,249.722,0.5233,3675,3486
TOR,2022-23,regular,all,265,209,276.0973,229.8283,0.5457,3609,3382
VAN,2022-23,regular,all,257,281,236.0119,246.666,0.489,3362,3489
VGK,2022-23,regular,all,251,213,249.0747,229.1903,0.5208,3491,3539
WPG,2022-23,regular,all,231,206,257.6138,229.7869,0.5285,3602,3413
WSH,2022-23,regular,all,241,240,247.2633,251.5132,0.4957,3557,3572
ANA,2022-23,regular,5on5,143,224,147.1574,232.2367,0.3879,2465,3444
ARI,2022-23,regular,5on5,151,180,148.363,188.8951,0.4399,2349,2899
BOS,2022-23,regular,5on5,199,114,182.2602,152.764,0.544,2789,2598
BUF,2022-23,regular,5on5,197,204,194.2187,197.1461,0.4963,2875,2834
CAR,2022-23,regular,5on5,174,139,195.5787,140.3555,0.5822,3333,2242
CBJ,2022-23,regular,5on5,143,231,160.5725,212.1697,0.4308,2620,3264
CGY,2022-23,regular,5on5,182,169,195.9498,159.9525,0.5506,3218,2421
CHI,2022-23,regular,5on5,135,208,146.359,202.3639,0.4197,2411,3062
COL,2022-23,regular,5on5,174,145,177.612,155.5325,0.5331,2837,2685
DAL,2022-23,regular,5on5,175,145,182.4648,160.9743,0.5313,2789,2704
DET,2022-23,regular,5on5,146,183,145.6439,167.611,0.4649,2401,2755
EDM,2022-23,regular,5on5,191,169,206.1782,171.8163,0.5455,2842,2662
FLA,2022-23,regular,5on5,191,159,200.717,170.7132,0.5404,3094,2695
LAK,2022-23,regular,5on5,169,159,180.01,155.8105,0.536,2882,2479
MIN,2022-23,regular,5on5,144,139,160.2345,158.8845,0.5021,2721,2724
MTL,2022-23,regular,5on5,162,200,154.4932,198.4175,0.4378,2432,2903
NJD,2022-23,regular,5on5,197,154,209.8746,167.1213,0.5567,3154,2653
NSH,2022-23,regular,5on5,146,153,166.0196,186.8895,0.4704,2613,2952
NYI,2022-23,regular,5on5,176,145,176.7532,175.6852,0.5015,2836,2895
NYR,2022-23,regular,5on5,180,153,177.612,178.6767,0.4985,2727,2701
OTT,2022-23,regular,5on5,151,177,173.9292,171.8167,0.5031,2842,2619
PHI,2022-23,regular,5on5,152,174,157.6386,178.6559,0.4688,2707,2858
PIT,2022-23,regular,5on5,168,172,197.763,176.1435,0.5289,3062,2802
SEA,2022-23,regular,5on5,209,161,175.883,158.4671,0.526,2891,2520
SJS,2022-23,regular,5on5,168,220,175.6325,189.0162,0.4816,2706,2891
STL,2022-23,regular,5on5,181,188,163.4893,194.5737,0.4566,2550,2962
TBL,2022-23,regular,5on5,175,162,190.1937,175.554,0.52,2834,2701
TOR,2022-23,regular,5on5,184,142,196.9518,162.8315,0.5474,2849,2637
VAN,2022-23,regular,5on5,169,192,157.0138,178.8673,0.4675,2519,2774
VGK,2022-23,regular,5on5,186,159,184.4132,172.2895,0.517,2813,2922
WPG,2022-23,regular,5on5,158,147,180.5165,161.7568,0.5274,2814,2670
WSH,2022-23,regular,5on5,173,182,177.2044,184.7135,0.4896,2814,2861
ANA,2022-23,regular,5on4,35,6,40.9705,7.725,0.8414,474,80
ARI,2022-23,regular,5on4,42,5,36.4563,6.4312,0.85,390,81
BOS,2022-23,regular,5on4,56,7,50.2756,6.1178,0.8915,533,94
BUF,2022-23,regular,5on4,56,5,43.1729,6.1765,0.8748,479,85
CAR,2022-23,regular,5on4,43,5,47.5152,5.828,0.8907,559,85
CBJ,2022-23,regular,5on4,39,8,42.1241,7.8711,0.8426,455,95
CGY,2022-23,regular,5on4,49,6,51.4917,6.7451,0.8842,551,88
CHI,2022-23,regular,5on4,33,7,36.1677,9.7999,0.7868,414,101
COL,2022-23,regular,5on4,57,4,49.101,4.1001,0.9229,519,72
DAL,2022-23,regular,5on4,63,5,56.5861,7.1194,0.8882,558,94
DET,2022-23,regular,5on4,51,10,48.1278,6.0761,0.8879,511,92
EDM,2022-23,regular,5on4,82,6,66.146,4.0432,0.9424,563,67
FLA,2022-23,regular,5on4,59,7,63.5006,6.321,0.9095,653,101
LAK,2022-23,regular,5on4,64,8,50.969,5.1161,0.9088,506,81
MIN,2022-23,regular,5on4,49,2,50.9232,4.6416,0.9165,523,64
MTL,2022-23,regular,5on4,32,2,33.7713,6.0458,0.8482,367,82
NJD,2022-23,regular,5on4,40,7,48.2591,6.0706,0.8883,437,86
NSH,2022-23,regular,5on4,38,6,42.1468,8.5411,0.8315,485,105
NYI,2022-23,regular,5on4,32,7,41.0266,5.9569,0.8732,459,88
NYR,2022-23,regular,5on4,50,4,59.7344,5.3419,0.9179,594,72
OTT,2022-23,regular,5on4,67,10,70.2662,10.0036,0.8754,648,115
PHI,2022-23,regular,5on4,33,5,31.2566,6.9384,0.8183,380,92
PIT,2022-23,regular,5on4,52,5,53.2853,10.7591,0.832,547,119
SEA,2022-23,regular,5on4,43,7,39.6311,4.6599,0.8948,457,74
SJS,2022-23,regular,5on4,37,11,43.2711,6.8391,0.8635,426,85
STL,2022-23,regular,5on4,46,13,41.8726,8.1793,0.8366,438,96
TBL,2022-23,regular,5on4,63,8,52.8542,8.1179,0.8669,508,96
TOR,2022-23,regular,5on4,61,8,57.4389,7.0132,0.8912,535,95
VAN,2022-23,regular,5on4,57,12,53.7232,6.5388,0.8915,581,92
VGK,2022-23,regular,5on4,38,3,42.2718,5.7847,0.8796,458,71
WPG,2022-23,regular,5on4,41,5,50.1877,7.3883,0.8717,520,101
WSH,2022-23,regular,5on4,42,7,42.9325,6.1008,0.8756,464,83
ANA,2022-23,regular,4on5,0,73,2.6851,63.5784,0.0405,81,620
ARI,2022-23,regular,4on5,5,79,5.5349,72.1928,0.0712,73,775
BOS,2022-23,regular,4on5,6,34,9.2796,41.0491,0.1844,114,457
BUF,2022-23,regular,4on5,7,54,8.3218,48.0051,0.1477,91,509
CAR,2022-23,regular,4on5,9,36,7.9631,41.6223,0.1606,107,415
CBJ,2022-23,regular,4on5,4,52,5.9648,49.7252,0.1071,90,515
CGY,2022-23,regular,4on5,8,42,11.9398,44.6296,0.2111,161,465
CHI,2022-23,regular,4on5,7,53,4.4474,43.7315,0.0923,73,439
COL,2022-23,regular,4on5,5,49,5.8132,46.0192,0.1122,77,474
DAL,2022-23,regular,4on5,10,39,7.0371,45.5312,0.1339,89,464
DET,2022-23,regular,4on5,5,50,4.5971,43.5091,0.0956,81,475
EDM,2022-23,regular,4on5,16,57,12.0391,56.616,0.1754,111,569
FLA,2022-23,regular,4on5,4,58,6.9834,48.1941,0.1266,119,541
LAK,2022-23,regular,4on5,7,57,5.7018,46.5192,0.1092,75,493
MIN,2022-23,regular,4on5,12,42,7.5257,45.7327,0.1413,105,494
MTL,2022-23,regular,4on5,7,69,6.5278,63.3447,0.0934,83,609
NJD,2022-23,regular,4on5,9,38,5.9286,40.7894,0.1269,76,429
NSH,2022-23,regular,4on5,6,44,6.7697,60.2692,0.101,86,569
NYI,2022-23,regular,4on5,3,33,4.9663,42.1276,0.1055,60,440
NYR,2022-23,regular,4on5,6,34,7.9705,39.4634,0.168,101,396
OTT,2022-23,regular,4on5,5,53,7.9001,57.1503,0.1214,115,606
PHI,2022-23,regular,4on5,11,53,6.8192,49.8963,0.1202,94,514
PIT,2022-23,regular,4on5,5,50,5.7639,48.9997,0.1053,82,526
SEA,2022-23,regular,4on5,5,49,5.5048,43.4012,0.1126,64,467
SJS,2022-23,regular,4on5,4,41,2.3439,50.7118,0.0442,56,513
STL,2022-23,regular,4on5,6,55,7.348,45.2837,0.1396,79,462
TBL,2022-23,regular,4on5,5,48,7.4983,47.9685,0.1352,104,520
TOR,2022-23,regular,4on5,7,39,8.6381,41.7301,0.1715,105,461
VAN,2022-23,regular,4on5,10,58,5.9966,45.1451,0.1173,64,474
VGK,2022-23,regular,4on5,9,35,5.9961,32.3105,0.1565,60,353
WPG,2022-23,regular,4on5,6,39,5.7217,45.9661,0.1107,75,482
WSH,2022-23,regular,4on5,2,37,6.864,46.2438,0.1292,81,466
BOS,2022-23,playoffs,all,26,24,23.5268,19.4286,0.5477,358,302
CAR,2022-23,playoffs,all,44,37,48.1717,39.9708,0.5465,796,638
COL,2022-23,playoffs,all,17,18,19.8636,16.3164,0.549,328,294
DAL,2022-23,playoffs,all,55,59,54.2268,51.1981,0.5144,847,815
EDM,2022-23,playoffs,all,43,40,43.5986,36.1533,0.5467,559,484
FLA,2022-23,playoffs,all,60,66,60.7641,78.1971,0.4373,958,1094
LAK,2022-23,playoffs,all,20,24,19.3351,23.716,0.4491,262,298
MIN,2022-23,playoffs,all,13,19,18.2276,17.9413,0.504,274,280
NJD,2022-23,playoffs,all,26,38,36.6603,34.3427,0.5163,491,526
NYI,2022-23,playoffs,all,14,16,15.3089,16.5874,0.48,256,297
NYR,2022-23,playoffs,all,16,13,18.254,24.491,0.427,283,298
SEA,2022-23,playoffs,all,43,41,32.669,41.2041,0.4422,592,629
TBL,2022-23,playoffs,all,20,23,18.6254,19.061,0.4942,287,256
TOR,2022-23,playoffs,all,33,34,37.2751,34.2043,0.5215,507,506
VGK,2022-23,playoffs,all,83,56,68.8041,61.6399,0.5275,903,1001
WPG,2022-23,playoffs,all,13,18,13.5485,14.4075,0.4846,226,209
BOS,2022-23,playoffs,5on5,13,15,14.9823,14.3236,0.5112,273,225
CAR,2022-23,playoffs,5on5,31,27,35.818,30.8278,0.5374,649,541
COL,2022-23,playoffs,5on5,12,14,14.1134,13.0848,0.5189,259,248
DAL,2022-23,playoffs,5on5,37,46,40.4773,37.7776,0.5172,676,653
EDM,2022-23,playoffs,5on5,24,26,29.9303,23.7063,0.558,435,365
FLA,2022-23,playoffs,5on5,41,43,45.246,55.6882,0.4483,770,867
LAK,2022-23,playoffs,5on5,11,15,12.5747,18.5113,0.4045,208,251
MIN,2022-23,playoffs,5on5,9,9,11.5284,11.5583,0.4994,198,197
NJD,2022-23,playoffs,5on5,17,28,27.4508,24.4972,0.5284,404,408
NYI,2022-23,playoffs,5on5,11,10,11.3455,12.3271,0.4793,208,244
NYR,2022-23,playoffs,5on5,11,7,12.3377,17.5,0.4135,211,230
SEA,2022-23,playoffs,5on5,33,32,25.2051,30.9189,0.4491,490,508
TBL,2022-23,playoffs,5on5,15,14,12.7077,12.6765,0.5006,229,192
TOR,2022-23,playoffs,5on5,22,25,26.0174,24.5278,0.5147,395,414
VGK,2022-23,playoffs,5on5,66,33,51.3624,42.4285,0.5476,720,790
WPG,2022-23,playoffs,5on5,6,15,9.3251,10.0682,0.4808,175,167
BOS,2022-23,playoffs,5on4,11,1,7.2073,0.5687,0.9269,68,12
CAR,2022-23,playoffs,5on4,8,2,8.0974,0.8634,0.9036,101,16
COL,2022-23,playoffs,5on4,2,1,4.4448,0.2613,0.9445,49,4
DAL,2022-23,playoffs,5on4,16,1,11.0598,0.921,0.9231,122,16
EDM,2022-23,playoffs,5on4,17,1,11.1721,0.842,0.9299,87,8
FLA,2022-23,playoffs,5on4,11,3,11.9752,2.205,0.8445,126,30
LAK,2022-23,playoffs,5on4,6,0,4.238,0.505,0.8935,34,7
MIN,2022-23,playoffs,5on4,3,1,5.0567,0.3208,0.9403,48,6
NJD,2022-23,playoffs,5on4,5,2,5.3076,1.5296,0.7763,52,16
NYI,2022-23,playoffs,5on4,1,1,2.8192,0.5681,0.8323,30,7
NYR,2022-23,playoffs,5on4,5,2,5.1551,1.3404,0.7936,60,11
SEA,2022-23,playoffs,5on4,5,1,4.7594,0.658,0.8785,60,12
TBL,2022-23,playoffs,5on4,5,0,3.8567,0.1513,0.9623,40,6
TOR,2022-23,playoffs,5on4,8,0,7.116,0.8808,0.8899,66,12
VGK,2022-23,playoffs,5on4,11,2,13.5426,1.3943,0.9067,140,29
WPG,2022-23,playoffs,5on4,5,0,2.4319,0.2174,0.9179,25,2
BOS,2022-23,playoffs,4on5,2,4,0.8906,2.7574,0.2441,12,40
CAR,2022-23,playoffs,4on5,3,7,2.377,6.8407,0.2579,27,67
COL,2022-23,playoffs,4on5,1,3,0.449,2.4357,0.1556,6,30
DAL,2022-23,playoffs,4on5,1,7,0.7467,9.3236,0.0741,19,102
EDM,2022-23,playoffs,4on5,1,8,1.2879,8.402,0.1329,21,82
FLA,2022-23,playoffs,4on5,2,19,1.1532,17.2542,0.0627,24,166
LAK,2022-23,playoffs,4on5,1,8,0.8371,4.1293,0.1686,6,35
MIN,2022-23,playoffs,4on5,0,9,0.3667,4.8844,0.0698,6,55
NJD,2022-23,playoffs,4on5,3,7,1.5152,7.6479,0.1654,13,95
NYI,2022-23,playoffs,4on5,1,4,0.4656,2.802,0.1425,10,35
NYR,2022-23,playoffs,4on5,0,3,0.4463,3.9514,0.1015,7,40
SEA,2022-23,playoffs,4on5,2,6,0.7133,8.3769,0.0785,12,90
TBL,2022-23,playoffs,4on5,0,6,0.8045,3.797,0.1748,9,36
TOR,2022-23,playoffs,4on5,0,8,0.3583,7.4337,0.046,9,67
VGK,2022-23,playoffs,4on5,1,17,0.7063,14.6934,0.0459,10,137
WPG,2022-23,playoffs,4on5,0,3,0.1092,3.5103,0.0302,3,31
ANA,2023-24,regular,all,196,280,196.7666,261.0078,0.4298,3138,3830
ARI,2023-24,regular,all,240,254,218.4422,245.4276,0.4709,3336,3753
BOS,2023-24,regular,all,248,211,232.6237,230.9831,0.5018,3360,3663
BUF,2023-24,regular,all,226,231,218.3235,236.1565,0.4804,3557,3520
CAR,2023-24,regular,all,257,199,253.5967,197.7603,0.5619,4125,2948
CBJ,2023-24,regular,all,223,279,220.7262,264.3608,0.455,3564,3961
CGY,2023-24,regular,all,234,248,230.1221,232.9938,0.4969,3738,3499
CHI,2023-24,regular,all,172,274,190.8643,255.2165,0.4279,3036,3784
COL,2023-24,regular,all,283,238,247.4964,224.4673,0.5244,3792,3476
DAL,2023-24,regular,all,279,224,251.211,211.8274,0.5425,3763,3398
DET,2023-24,regular,all,260,259,226.7819,245.7691,0.4799,3365,3837
EDM,2023-24,regular,all,279,220,289.4514,218.5265,0.5698,3899,3244
FLA,2023-24,regular,all,244,185,255.2703,201.9616,0.5583,3922,3254
LAK,2023-24,regular,all,241,202,232.3022,213.3551,0.5213,3782,3316
MIN,2023-24,regular,all,234,249,232.544,221.864,0.5118,3584,3498
MTL,2023-24,regular,all,225,265,218.7857,267.7059,0.4497,3266,3909
NJD,2023-24,regular,all,250,254,237.2499,230.1523,0.5076,3574,3474
NSH,2023-24,regular,all,248,228,249.2521,224.9358,0.5256,3755,3440
NYI,2023-24,regular,all,240,238,219.0687,236.2969,0.4811,3509,3815
NYR,2023-24,regular,all,259,211,236.9035,221.6037,0.5167,3742,3504
OTT,2023-24,regular,all,237,270,236.3683,221.6243,0.5161,3738,3410
PHI,2023-24,regular,all,217,245,229.2962,209.7262,0.5223,3807,3257
PIT,2023-24,regular,all,233,240,252.2345,239.0935,0.5134,3803,3675
SEA,2023-24,regular,all,205,216,213.3939,209.3032,0.5048,3470,3520
SJS,2023-24,regular,all,176,308,182.6134,286.9633,0.3889,3063,4162
STL,2023-24,regular,all,219,228,213.8157,249.3513,0.4616,3331,3775
TBL,2023-24,regular,all,264,251,235.889,218.5541,0.5191,3482,3366
TOR,2023-24,regular,all,286,246,258.1299,229.2171,0.5297,3790,3606
VAN,2023-24,regular,all,265,211,236.8647,210.65,0.5293,3448,3341
VGK,2023-24,regular,all,245,229,230.1078,216.2924,0.5155,3525,3595
WPG,2023-24,regular,all,234,187,221.8453,212.1918,0.5111,3557,3492
WSH,2023-24,regular,all,204,243,211.0132,234.0152,0.4742,3192,3691
ANA,2023-24,regular,5on5,127,174,135.5885,160.7133,0.4576,2423,2794
ARI,2023-24,regular,5on5,171,172,155.7208,167.922,0.4812,2649,2883
BOS,2023-24,regular,5on5,174,135,158.2686,155.0897,0.5051,2578,2850
BUF,2023-24,regular,5on5,174,159,158.8403,165.964,0.489,2829,2762
CAR,2023-24,regular,5on5,169,146,180.845,140.9104,0.5621,3342,2369
CBJ,2023-24,regular,5on5,175,196,157.8642,187.4991,0.4571,2827,3131
CGY,2023-24,regular,5on5,167,181,155.9461,162.3828,0.4899,2920,2737
CHI,2023-24,regular,5on5,118,202,132.2924,189.5896,0.411,2392,3130
COL,2023-24,regular,5on5,197,168,168.2777,149.7883,0.5291,2946,2706
DAL,2023-24,regular,5on5,192,161,173.3196,144.483,0.5454,3024,2673
DET,2023-24,regular,5on5,177,189,143.4834,167.3921,0.4615,2535,2989
EDM,2023-24,regular,5on5,193,153,208.3123,152.8758,0.5767,3110,2557
FLA,2023-24,regular,5on5,156,119,161.506,134.651,0.5453,2899,2493
LAK,2023-24,regular,5on5,166,143,165.413,140.7102,0.5403,3043,2502
MIN,2023-24,regular,5on5,159,163,146.4393,141.9377,0.5078,2630,2642
MTL,2023-24,regular,5on5,161,165,148.7196,175.456,0.4588,2555,2977
NJD,2023-24,regular,5on5,177,185,167.0894,161.7414,0.5081,2841,2755
NSH,2023-24,regular,5on5,168,153,172.8304,155.5466,0.5263,2933,2725
NYI,2023-24,regular,5on5,166,158,156.6624,164.9013,0.4872,2849,3051
NYR,2023-24,regular,5on5,167,165,156.5221,161.7094,0.4918,2865,2816
OTT,2023-24,regular,5on5,163,192,153.9077,156.3155,0.4961,2842,2711
PHI,2023-24,regular,5on5,159,180,160.8241,142.0595,0.531,2976,2530
PIT,2023-24,regular,5on5,179,172,176.5198,169.961,0.5095,3002,2920
SEA,2023-24,regular,5on5,144,146,150.6749,143.8722,0.5115,2767,2798
SJS,2023-24,regular,5on5,119,226,132.4638,202.3996,0.3956,2499,3272
STL,2023-24,regular,5on5,151,168,140.838,179.084,0.4402,2554,3060
TBL,2023-24,regular,5on5,172,190,156.1963,152.9263,0.5053,2682,2656
TOR,2023-24,regular,5on5,200,168,174.8615,157.1339,0.5267,2945,2786
VAN,2023-24,regular,5on5,187,137,158.9602,139.674,0.5323,2667,2544
VGK,2023-24,regular,5on5,176,163,163.3492,150.5982,0.5203,2812,2872
WPG,2023-24,regular,5on5,178,121,164.9811,147.3221,0.5283,2922,2765
WSH,2023-24,regular,5on5,143,175,149.8847,164.7921,0.4763,2521,2923
ANA,2023-24,regular,5on4,38,4,35.9311,5.5507,0.8662,407,66
ARI,2023-24,regular,5on4,51,7,42.2753,5.1884,0.8907,441,87
BOS,2023-24,regular,5on4,49,5,48.0314,7.1544,0.8704,490,95
BUF,2023-24,regular,5on4,34,9,36.7234,6.5983,0.8477,447,84
CAR,2023-24,regular,5on4,61,7,50.5522,5.3333,0.9046,517,81
CBJ,2023-24,regular,5on4,29,6,40.0471,5.616,0.877,468,84
CGY,2023-24,regular,5on4,41,11,50.5791,8.6864,0.8534,511,99
CHI,2023-24,regular,5on4,33,7,39.9094,5.4382,0.8801,429,72
COL,2023-24,regular,5on4,62,6,56.6119,7.3405,0.8852,589,95
DAL,2023-24,regular,5on4,57,4,51.2149,5.453,0.9038,478,85
DET,2023-24,regular,5on4,52,10,57.2381,6.8688,0.8929,562,110
EDM,2023-24,regular,5on4,60,4,52.4425,4.2399,0.9252,489,66
FLA,2023-24,regular,5on4,59,7,65.6934,4.9051,0.9305,674,92
LAK,2023-24,regular,5on4,51,7,44.3543,5.6853,0.8864,483,83
MIN,2023-24,regular,5on4,53,9,63.9183,6.2561,0.9108,704,70
MTL,2023-24,regular,5on4,41,11,44.4564,7.1636,0.8612,446,96
NJD,2023-24,regular,5on4,46,8,46.233,7.4878,0.8606,460,89
NSH,2023-24,regular,5on4,55,4,50.9417,6.4767,0.8872,554,90
NYI,2023-24,regular,5on4,44,2,42.2172,5.3858,0.8869,439,90
NYR,2023-24,regular,5on4,56,3,49.4026,4.1264,0.9229,556,75
OTT,2023-24,regular,5on4,48,5,54.8545,5.1206,0.9146,589,85
PHI,2023-24,regular,5on4,26,4,40.4114,5.8591,0.8734,500,93
PIT,2023-24,regular,5on4,37,12,52.2861,9.4974,0.8463,539,119
SEA,2023-24,regular,5on4,48,9,44.6783,5.1007,0.8975,478,73
SJS,2023-24,regular,5on4,39,6,32.9664,6.0343,0.8453,359,100
STL,2023-24,regular,5on4,42,5,46.1682,6.7673,0.8722,491,84
TBL,2023-24,regular,5on4,67,5,54.0715,4.9897,0.9155,524,79
TOR,2023-24,regular,5on4,52,7,51.0789,7.209,0.8763,510,104
VAN,2023-24,regular,5on4,54,7,56.6699,5.5546,0.9107,553,86
VGK,2023-24,regular,5on4,48,7,44.7012,5.9879,0.8819,483,88
WPG,2023-24,regular,5on4,43,5,41.1138,4.4337,0.9027,442,71
WSH,2023-24,regular,5on4,43,4,42.6383,4.9352,0.8963,452,80
ANA,2023-24,regular,4on5,10,84,5.7684,72.2477,0.0739,97,750
ARI,2023-24,regular,4on5,7,54,4.9123,53.1119,0.0847,80,593
BOS,2023-24,regular,4on5,6,41,7.0817,44.0753,0.1384,93,471
BUF,2023-24,regular,4on5,6,47,5.6346,49.757,0.1017,83,525
CAR,2023-24,regular,4on5,9,35,7.6438,38.1444,0.1669,113,366
CBJ,2023-24,regular,4on5,4,53,4.8497,51.8823,0.0855,72,554
CGY,2023-24,regular,4on5,10,44,6.1774,46.2456,0.1178,105,485
CHI,2023-24,regular,4on5,2,53,5.8093,45.8062,0.1125,81,434
COL,2023-24,regular,4on5,6,49,6.3517,50.1297,0.1125,91,510
DAL,2023-24,regular,4on5,10,39,7.4311,41.7071,0.1512,85,442
DET,2023-24,regular,4on5,5,47,5.7776,55.2985,0.0946,78,562
EDM,2023-24,regular,4on5,6,51,8.152,44.4098,0.1551,106,452
FLA,2023-24,regular,4on5,7,43,6.71,43.7617,0.1329,111,476
LAK,2023-24,regular,4on5,8,36,7.2579,50.4191,0.1258,88,571
MIN,2023-24,regular,4on5,3,62,3.6312,57.2751,0.0596,67,599
MTL,2023-24,regular,4on5,7,59,4.8709,60.8768,0.0741,71,598
NJD,2023-24,regular,4on5,3,44,4.3555,44.1478,0.0898,78,464
NSH,2023-24,regular,4on5,6,50,6.1078,47.0258,0.115,77,464
NYI,2023-24,regular,4on5,10,54,4.5176,45.148,0.091,55,474
NYR,2023-24,regular,4on5,7,36,9.4262,40.6042,0.1884,108,446
OTT,2023-24,regular,4on5,6,57,6.3406,42.9652,0.1286,95,458
PHI,2023-24,regular,4on5,16,35,10.5586,40.505,0.2068,132,426
PIT,2023-24,regular,4on5,4,42,5.344,44.4411,0.1073,81,466
SEA,2023-24,regular,4on5,5,40,4.4767,42.5313,0.0952,75,473
SJS,2023-24,regular,4on5,3,56,3.4785,59.0546,0.0556,68,600
STL,2023-24,regular,4on5,11,43,6.8768,48.246,0.1248,91,485
TBL,2023-24,regular,4on5,5,35,7.5865,42.3789,0.1518,101,446
TOR,2023-24,regular,4on5,5,50,6.0069,45.9687,0.1156,86,505
VAN,2023-24,regular,4on5,7,43,5.0328,44.4964,0.1016,82,486
VGK,2023-24,regular,4on5,8,40,7.0391,44.2009,0.1374,83,485
WPG,2023-24,regular,4on5,2,48,4.357,44.8722,0.0885,76,489
WSH,2023-24,regular,4on5,3,49,2.8803,48.6776,0.0559,62,509
BOS,2023-24,playoffs,all,28,30,28.1469,35.6038,0.4415,484,610
CAR,2023-24,playoffs,all,33,31,36.1889,30.9949,0.5387,624,471
COL,2023-24,playoffs,all,39,33,31.2668,30.0136,0.5102,512,486
DAL,2023-24,playoffs,all,45,45,53.6067,45.8656,0.5389,841,806
EDM,2023-24,playoffs,all,81,61,72.1454,59.5448,0.5478,1046,1000
FLA,2023-24,playoffs,all,64,58,67.9642,58.6574,0.5368,1115,944
LAK,2023-24,playoffs,all,13,21,11.4457,16.3499,0.4118,220,205
NSH,2023-24,playoffs,all,11,12,12.2416,12.9224,0.4865,231,221
NYI,2023-24,playoffs,all,12,15,13.1954,14.8875,0.4699,216,281
NYR,2023-24,playoffs,all,45,39,40.966,48.7921,0.4564,670,802
TBL,2023-24,playoffs,all,14,16,12.535,15.2695,0.4508,221,222
TOR,2023-24,playoffs,all,12,16,17.545,16.1047,0.5214,306,295
VAN,2023-24,playoffs,all,32,35,29.0778,31.8839,0.477,486,546
VGK,2023-24,playoffs,all,14,15,14.8878,20.321,0.4228,290,334
WPG,2023-24,playoffs,all,15,24,12.5557,16.3986,0.4336,216,246
WSH,2023-24,playoffs,all,7,14,8.9707,9.1301,0.4956,148,157
BOS,2023-24,playoffs,5on5,20,22,20.8413,21.847,0.4882,388,453
CAR,2023-24,playoffs,5on5,22,20,25.6198,22.1576,0.5362,510,378
COL,2023-24,playoffs,5on5,26,23,24.357,20.4345,0.5438,435,388
DAL,2023-24,playoffs,5on5,34,29,39.0987,36.1978,0.5193,688,688
EDM,2023-24,playoffs,5on5,53,52,44.7192,44.7439,0.4999,794,809
FLA,2023-24,playoffs,5on5,45,38,44.3223,38.6117,0.5344,840,726
LAK,2023-24,playoffs,5on5,12,12,9.4043,9.5197,0.497,191,146
NSH,2023-24,playoffs,5on5,7,8,8.0418,10.7262,0.4285,178,187
NYI,2023-24,playoffs,5on5,8,9,9.2902,11.3475,0.4502,176,244
NYR,2023-24,playoffs,5on5,26,27,27.2662,34.4318,0.4419,513,636
TBL,2023-24,playoffs,5on5,7,11,8.8122,9.2512,0.4878,176,160
TOR,2023-24,playoffs,5on5,11,10,12.3257,11.7071,0.5129,240,237
VAN,2023-24,playoffs,5on5,22,23,22.0431,19.8396,0.5263,395,418
VGK,2023-24,playoffs,5on5,9,11,11.9433,15.4358,0.4362,249,277
WPG,2023-24,playoffs,5on5,12,17,9.7483,11.9997,0.4482,178,204
WSH,2023-24,playoffs,5on5,5,7,5.6556,5.238,0.5192,112,112
BOS,2023-24,playoffs,5on4,6,1,5.042,0.8689,0.853,54,14
CAR,2023-24,playoffs,5on4,7,2,7.4051,1.0761,0.8731,73,13
COL,2023-24,playoffs,5on4,11,2,5.52,1.1602,0.8263,53,12
DAL,2023-24,playoffs,5on4,8,2,10.5992,0.6009,0.9463,109,16
EDM,2023-24,playoffs,5on4,19,0,20.2794,0.6441,0.9692,176,15
FLA,2023-24,playoffs,5on4,15,5,18.8843,2.4769,0.884,204,30
LAK,2023-24,playoffs,5on4,0,0,1.8839,0.2113,0.8991,22,3
NSH,2023-24,playoffs,5on4,2,0,2.2872,0.0739,0.9687,33,3
NYI,2023-24,playoffs,5on4,3,0,1.7449,0.0213,0.9879,23,3
NYR,2023-24,playoffs,5on4,11,0,10.0338,1.4896,0.8707,116,21
TBL,2023-24,playoffs,5on4,2,1,2.0871,0.6874,0.7522,22,8
TOR,2023-24,playoffs,5on4,1,0,3.255,0.6359,0.8366,44,8
VAN,2023-24,playoffs,5on4,5,0,5.1682,0.9408,0.846,52,11
VGK,2023-24,playoffs,5on4,3,0,1.5182,0.3636,0.8068,17,7
WPG,2023-24,playoffs,5on4,3,0,2.1459,0.0085,0.996,25,2
WSH,2023-24,playoffs,5on4,2,2,2.417,0.8148,0.7479,23,6
BOS,2023-24,playoffs,4on5,0,7,0.9311,10.6749,0.0802,18,116
CAR,2023-24,playoffs,4on5,0,8,0.6031,5.6009,0.0972,12,61
COL,2023-24,playoffs,4on5,0,7,0.1165,6.529,0.0175,6,64
DAL,2023-24,playoffs,4on5,2,12,1.449,6.2785,0.1875,18,62
EDM,2023-24,playoffs,4on5,3,4,2.124,11.6831,0.1538,26,133
FLA,2023-24,playoffs,4on5,2,6,2.0974,12.3372,0.1453,26,129
LAK,2023-24,playoffs,4on5,0,7,0.0666,5.8747,0.0112,4,52
NSH,2023-24,playoffs,4on5,0,2,0.4042,1.3164,0.2349,4,16
NYI,2023-24,playoffs,4on5,0,5,0.2589,3.0918,0.0773,3,28
NYR,2023-24,playoffs,4on5,6,9,2.5549,10.1302,0.2014,22,113
TBL,2023-24,playoffs,4on5,1,3,0.2392,4.4875,0.0506,5,41
TOR,2023-24,playoffs,4on5,0,5,0.1897,3.3371,0.0538,5,35
VAN,2023-24,playoffs,4on5,0,8,0.3174,8.2245,0.0372,10,83
VGK,2023-24,playoffs,4on5,1,4,0.1364,3.8458,0.0343,5,41
WPG,2023-24,playoffs,4on5,0,6,0.0749,3.8269,0.0192,2,34
WSH,2023-24,playoffs,4on5,0,5,0.5109,3.0328,0.1442,6,38
ANA,2024-25,regular,all,204,249,213.587,274.7685,0.4374,3423,4010
BOS,2024-25,regular,all,204,249,213.4114,224.1166,0.4878,3255,3523
BUF,2024-25,regular,all,252,262,216.8145,238.0894,0.4766,3481,3560
CAR,2024-25,regular,all,244,217,267.1152,213.0494,0.5563,4091,3019
CBJ,2024-25,regular,all,253,254,213.6163,242.5335,0.4683,3470,3668
CGY,2024-25,regular,all,203,223,205.0706,229.3704,0.472,3584,3484
CHI,2024-25,regular,all,215,269,191.2599,251.6585,0.4318,2910,3755
COL,2024-25,regular,all,246,210,245.5336,205.4199,0.5445,3662,3144
DAL,2024-25,regular,all,254,211,250.8596,238.4692,0.5127,3432,3564
DET,2024-25,regular,all,216,241,226.1407,229.4109,0.4964,3375,3531
EDM,2024-25,regular,all,247,227,264.6068,212.9034,0.5541,3758,3205
FLA,2024-25,regular,all,230,203,247.8676,199.9744,0.5535,3913,3223
LAK,2024-25,regular,all,225,191,217.2216,193.5638,0.5288,3586,3177
MIN,2024-25,regular,all,204,222,198.1568,214.6662,0.48,3341,3622
MTL,2024-25,regular,all,228,246,227.6365,263.4522,0.4635,3215,3648
NJD,2024-25,regular,all,229,205,243.694,212.3689,0.5343,3485,3372
NSH,2024-25,regular,all,194,250,223.8458,224.8439,0.4989,3522,3379
NYI,2024-25,regular,all,209,234,223.3009,225.3637,0.4977,3627,3552
NYR,2024-25,regular,all,242,239,229.2462,241.703,0.4868,3579,3621
OTT,2024-25,regular,all,228,218,218.3087,215.8823,0.5028,3512,3398
PHI,2024-25,regular,all,219,265,219.867,214.6177,0.506,3311,3326
PIT,2024-25,regular,all,228,266,226.148,234.0345,0.4914,3533,3624
SEA,2024-25,regular,all,230,240,205.4129,222.8461,0.4796,3459,3659
SJS,2024-25,regular,all,202,291,197.6466,262.7124,0.4293,3275,3871
STL,2024-25,regular,all,239,219,211.5135,206.1391,0.5064,3154,3328
TBL,2024-25,regular,all,264,199,245.6321,208.3145,0.5411,3490,3363
TOR,2024-25,regular,all,245,209,229.1409,228.9566,0.5002,3376,3670
UTA,2024-25,regular,all,228,230,244.696,236.0637,0.509,3605,3345
VAN,2024-25,regular,all,219,231,208.5815,218.7725,0.4881,3240,3389
VGK,2024-25,regular,all,252,208,239.3369,207.5342,0.5356,3605,3378
WPG,2024-25,regular,all,254,172,230.3582,202.6542,0.532,3510,3432
WSH,2024-25,regular,all,263,220,235.0294,236.4026,0.4985,3495,3434
ANA,2024-25,regular,5on5,156,164,149.5759,194.1245,0.4352,2709,3194
BOS,2024-25,regular,5on5,152,164,149.0099,155.8238,0.4888,2523,2802
BUF,2024-25,regular,5on5,185,184,152.0503,170.3167,0.4717,2738,2806
CAR,2024-25,regular,5on5,176,168,192.8366,154.3392,0.5554,3277,2393
CBJ,2024-25,regular,5on5,201,179,160.6457,177.5187,0.4751,2848,2984
CGY,2024-25,regular,5on5,140,142,148.8593,159.2544,0.4831,2915,2745
CHI,2024-25,regular,5on5,150,207,143.2529,189.3491,0.4307,2399,3090
COL,2024-25,regular,5on5,165,155,173.5871,150.3917,0.5358,2940,2511
DAL,2024-25,regular,5on5,181,155,178.2323,173.9216,0.5061,2703,2880
DET,2024-25,regular,5on5,143,162,157.5636,171.4705,0.4789,2670,2901
EDM,2024-25,regular,5on5,169,172,191.4939,156.6971,0.55,3073,2590
FLA,2024-25,regular,5on5,155,139,170.2583,138.926,0.5507,3054,2532
LAK,2024-25,regular,5on5,177,125,162.7504,135.3578,0.5459,2958,2537
MIN,2024-25,regular,5on5,141,148,142.0167,153.9802,0.4798,2711,2902
MTL,2024-25,regular,5on5,158,181,165.2796,182.1077,0.4758,2567,2851
NJD,2024-25,regular,5on5,149,152,165.2215,149.4892,0.525,2733,2707
NSH,2024-25,regular,5on5,130,190,155.3722,161.6479,0.4901,2739,2752
NYI,2024-25,regular,5on5,162,161,163.8454,164.1886,0.4995,2922,2852
NYR,2024-25,regular,5on5,180,172,161.854,176.9759,0.4777,2812,2946
OTT,2024-25,regular,5on5,139,157,147.0309,148.9816,0.4967,2715,2667
PHI,2024-25,regular,5on5,166,195,162.9815,153.2845,0.5153,2698,2693
PIT,2024-25,regular,5on5,157,195,163.5777,172.7985,0.4863,2868,2885
SEA,2024-25,regular,5on5,168,183,147.4665,165.5001,0.4712,2771,2973
SJS,2024-25,regular,5on5,143,203,138.2756,184.763,0.428,2564,3062
STL,2024-25,regular,5on5,175,148,156.402,148.6193,0.5128,2570,2700
TBL,2024-25,regular,5on5,186,144,173.1541,155.2077,0.5273,2788,2763
TOR,2024-25,regular,5on5,169,136,159.9742,157.9571,0.5032,2672,2877
UTA,2024-25,regular,5on5,158,150,179.2115,158.0288,0.5314,2969,2591
VAN,2024-25,regular,5on5,151,162,147.7426,149.7316,0.4967,2535,2688
VGK,2024-25,regular,5on5,184,155,182.8903,158.0076,0.5365,3038,2829
WPG,2024-25,regular,5on5,170,119,168.3466,148.1131,0.532,2885,2807
WSH,2024-25,regular,5on5,190,159,173.2699,167.1555,0.509,2816,2670
ANA,2024-25,regular,5on4,23,5,38.3326,6.2503,0.8598,452,73
BOS,2024-25,regular,5on4,31,11,43.2239,10.7339,0.8011,466,124
BUF,2024-25,regular,5on4,38,5,39.1355,6.0038,0.867,431,95
CAR,2024-25,regular,5on4,46,5,51.8179,6.5481,0.8878,545,78
CBJ,2024-25,regular,5on4,35,6,33.386,4.2453,0.8872,357,53
CGY,2024-25,regular,5on4,41,6,36.8021,4.3786,0.8937,437,61
CHI,2024-25,regular,5on4,40,7,27.631,4.3041,0.8652,294,60
COL,2024-25,regular,5on4,52,7,41.2391,4.9849,0.8922,412,70
DAL,2024-25,regular,5on4,51,4,55.806,5.4286,0.9113,530,88
DET,2024-25,regular,5on4,57,7,49.7545,4.3401,0.9198,491,62
EDM,2024-25,regular,5on4,46,4,44.6575,5.2704,0.8944,415,73
FLA,2024-25,regular,5on4,50,6,48.6028,3.6984,0.9293,521,67
LAK,2024-25,regular,5on4,35,5,36.7385,4.7373,0.8858,418,65
MIN,2024-25,regular,5on4,40,4,39.8551,3.113,0.9276,435,71
MTL,2024-25,regular,5on4,42,4,40.2814,5.0092,0.8894,403,72
NJD,2024-25,regular,5on4,53,3,50.0364,5.404,0.9025,467,71
NSH,2024-25,regular,5on4,49,4,44.6062,4.9893,0.8994,479,68
NYI,2024-25,regular,5on4,25,6,34.4309,4.2344,0.8905,413,72
NYR,2024-25,regular,5on4,35,7,41.5708,5.4535,0.884,472,67
OTT,2024-25,regular,5on4,53,1,46.2307,3.8063,0.9239,509,61
PHI,2024-25,regular,5on4,27,9,32.0965,6.8376,0.8244,348,95
PIT,2024-25,regular,5on4,52,4,46.587,6.594,0.876,479,105
SEA,2024-25,regular,5on4,34,3,35.0799,5.2599,0.8696,411,75
SJS,2024-25,regular,5on4,31,8,37.7972,5.6292,0.8704,429,82
STL,2024-25,regular,5on4,39,5,36.4947,2.6594,0.9321,373,67
TBL,2024-25,regular,5on4,52,10,47.3348,4.6721,0.9102,437,71
TOR,2024-25,regular,5on4,50,5,43.1854,6.4505,0.87,439,96
UTA,2024-25,regular,5on4,49,8,43.1867,4.8313,0.8994,411,71
VAN,2024-25,regular,5on4,47,6,38.046,6.143,0.861,427,79
VGK,2024-25,regular,5on4,48,3,40.5511,3.9885,0.9105,389,53
WPG,2024-25,regular,5on4,58,4,42.7511,3.8345,0.9177,409,73
WSH,2024-25,regular,5on4,46,6,40.7053,6.4068,0.864,427,83
ANA,2024-25,regular,4on5,3,54,5.7102,49.1132,0.1042,73,494
BOS,2024-25,regular,4on5,3,53,3.9726,40.0582,0.0902,79,422
BUF,2024-25,regular,4on5,9,51,5.9315,41.6217,0.1247,91,454
CAR,2024-25,regular,4on5,10,31,7.88,38.3924,0.1703,96,401
CBJ,2024-25,regular,4on5,9,45,5.8124,42.0715,0.1214,88,443
CGY,2024-25,regular,4on5,6,46,4.2611,42.878,0.0904,68,462
CHI,2024-25,regular,4on5,5,40,6.009,43.2123,0.1221,79,457
COL,2024-25,regular,4on5,5,39,4.685,35.65,0.1162,73,383
DAL,2024-25,regular,4on5,6,36,5.5301,42.0189,0.1163,83,426
DET,2024-25,regular,4on5,2,55,2.7838,38.0473,0.0682,50,397
EDM,2024-25,regular,4on5,4,42,5.3941,36.9879,0.1273,69,374
FLA,2024-25,regular,4on5,10,41,6.2705,41.0929,0.1324,88,442
LAK,2024-25,regular,4on5,2,36,5.1356,37.2016,0.1213,73,397
MIN,2024-25,regular,4on5,3,52,2.4969,39.6049,0.0593,54,453
MTL,2024-25,regular,4on5,9,42,5.0471,52.2552,0.0881,82,506
NJD,2024-25,regular,4on5,6,36,7.5519,41.8272,0.1529,80,426
NSH,2024-25,regular,4on5,1,37,4.179,43.619,0.0874,78,409
NYI,2024-25,regular,4on5,9,46,7.63,37.0123,0.1709,85,415
NYR,2024-25,regular,4on5,16,42,8.9313,45.6525,0.1636,120,460
OTT,2024-25,regular,4on5,8,43,6.2225,46.4807,0.1181,80,466
PHI,2024-25,regular,4on5,4,36,6.1758,35.5158,0.1481,65,352
PIT,2024-25,regular,4on5,2,44,2.7543,39.6928,0.0649,52,460
SEA,2024-25,regular,4on5,3,40,4.8429,38.3886,0.112,70,452
SJS,2024-25,regular,4on5,5,60,4.3869,53.1378,0.0763,73,555
STL,2024-25,regular,4on5,3,46,2.7934,39.9511,0.0654,58,400
TBL,2024-25,regular,4on5,9,35,7.1307,35.1538,0.1686,87,382
TOR,2024-25,regular,4on5,5,49,4.6592,44.5089,0.0948,73,491
UTA,2024-25,regular,4on5,2,49,2.4608,50.8384,0.0462,52,490
VAN,2024-25,regular,4on5,4,35,4.7579,46.337,0.0931,83,444
VGK,2024-25,regular,4on5,6,38,4.2869,30.1287,0.1246,60,339
WPG,2024-25,regular,4on5,1,38,3.9341,36.6552,0.0969,55,405
WSH,2024-25,regular,4on5,8,38,6.6227,42.8488,0.1339,84,469
CAR,2024-25,playoffs,all,37,37,46.1875,35.959,0.5623,766,576
COL,2024-25,playoffs,all,21,19,25.1706,19.7796,0.56,375,287
DAL,2024-25,playoffs,all,42,52,50.1578,55.7252,0.4737,749,841
EDM,2024-25,playoffs,all,75,69,69.5028,65.4298,0.5151,1056,996
FLA,2024-25,playoffs,all,86,53,63.5321,56.2419,0.5304,1032,979
LAK,2024-25,playoffs,all,24,23,18.0237,21.1371,0.4602,274,315
MIN,2024-25,playoffs,all,17,17,13.6416,17.6967,0.4353,240,306
MTL,2024-25,playoffs,all,12,14,16.0774,15.3063,0.5123,240,208
NJD,2024-25,playoffs,all,11,16,14.3051,19.4615,0.4236,225,303
OTT,2024-25,playoffs,all,14,18,13.5273,15.4135,0.4674,244,242
STL,2024-25,playoffs,all,27,19,16.7818,17.3187,0.4921,272,327
TBL,2024-25,playoffs,all,11,16,10.4036,12.2282,0.4597,187,182
TOR,2024-25,playoffs,all,35,39,31.0594,34.2978,0.4752,510,615
VGK,2024-25,playoffs,all,27,33,30.7518,28.8751,0.5157,507,475
WPG,2024-25,playoffs,all,31,40,33.5933,32.5554,0.5078,594,510
WSH,2024-25,playoffs,all,20,25,26.1733,31.4631,0.4541,377,486
CAR,2024-25,playoffs,5on5,24,29,31.6483,27.7092,0.5332,603,476
COL,2024-25,playoffs,5on5,14,12,18.5272,12.5075,0.597,305,215
DAL,2024-25,playoffs,5on5,25,35,36.2756,38.8549,0.4828,599,658
EDM,2024-25,playoffs,5on5,52,42,50.1836,46.4632,0.5192,858,792
FLA,2024-25,playoffs,5on5,63,38,48.0521,38.4887,0.5553,821,759
LAK,2024-25,playoffs,5on5,14,15,11.2549,15.7998,0.416,205,267
MIN,2024-25,playoffs,5on5,14,10,10.5917,12.9407,0.4501,197,255
MTL,2024-25,playoffs,5on5,7,11,11.2325,11.8348,0.4869,192,175
NJD,2024-25,playoffs,5on5,10,9,11.2273,13.1923,0.4598,194,239
OTT,2024-25,playoffs,5on5,8,12,9.646,9.6487,0.4999,204,197
STL,2024-25,playoffs,5on5,21,12,13.166,11.2857,0.5384,222,249
TBL,2024-25,playoffs,5on5,8,12,7.8754,8.2877,0.4872,147,143
TOR,2024-25,playoffs,5on5,27,28,21.1193,26.4248,0.4442,411,503
VGK,2024-25,playoffs,5on5,17,28,22.3508,22.376,0.4997,424,391
WPG,2024-25,playoffs,5on5,20,29,21.104,26.0464,0.4476,440,422
WSH,2024-25,playoffs,5on5,15,17,20.2416,22.636,0.4721,312,393
CAR,2024-25,playoffs,5on4,11,0,11.1256,0.417,0.9639,111,8
COL,2024-25,playoffs,5on4,3,0,4.8195,0.3112,0.9393,48,8
DAL,2024-25,playoffs,5on4,17,2,11.5554,1.281,0.9002,112,19
EDM,2024-25,playoffs,5on4,16,1,15.396,0.8203,0.9494,138,13
FLA,2024-25,playoffs,5on4,18,0,12.96,1.1018,0.9216,151,22
LAK,2024-25,playoffs,5on4,7,0,4.193,0.9279,0.8188,40,12
MIN,2024-25,playoffs,5on4,3,2,2.8867,0.446,0.8662,35,7
MTL,2024-25,playoffs,5on4,5,0,3.3976,0.5181,0.8677,31,5
NJD,2024-25,playoffs,5on4,0,1,2.4121,0.7135,0.7717,26,13
OTT,2024-25,playoffs,5on4,2,0,2.1487,0.0701,0.9684,26,3
STL,2024-25,playoffs,5on4,5,0,2.6038,0.0549,0.9794,34,4
TBL,2024-25,playoffs,5on4,2,0,1.7669,0.19,0.9029,24,8
TOR,2024-25,playoffs,5on4,7,2,8.5709,0.7428,0.9202,77,10
VGK,2024-25,playoffs,5on4,7,0,6.6811,0.1443,0.9789,62,9
WPG,2024-25,playoffs,5on4,7,0,9.492,0.3741,0.9621,101,9
WSH,2024-25,playoffs,5on4,4,0,4.6865,1.0584,0.8158,50,16
CAR,2024-25,playoffs,4on5,1,6,1.887,6.7819,0.2177,31,81
COL,2024-25,playoffs,4on5,2,7,0.475,6.5031,0.0681,6,59
DAL,2024-25,playoffs,4on5,0,11,0.8556,12.8342,0.0625,15,125
EDM,2024-25,playoffs,4on5,0,20,1.3619,13.7925,0.0899,25,134
FLA,2024-25,playoffs,4on5,1,11,0.9521,13.3937,0.0664,23,149
LAK,2024-25,playoffs,4on5,0,5,0.0796,3.9194,0.0199,3,29
MIN,2024-25,playoffs,4on5,0,4,0.1144,3.5781,0.031,6,38
MTL,2024-25,playoffs,4on5,0,3,0.2687,2.6393,0.0924,4,26
NJD,2024-25,playoffs,4on5,0,5,0.022,4.9868,0.0044,1,46
OTT,2024-25,playoffs,4on5,2,5,0.4633,5.1853,0.082,2,37
STL,2024-25,playoffs,4on5,0,5,0.3028,4.8561,0.0587,7,52
TBL,2024-25,playoffs,4on5,0,4,0.3032,3.6345,0.077,8,29
TOR,2024-25,playoffs,4on5,0,6,0.2831,5.2679,0.051,6,71
VGK,2024-25,playoffs,4on5,2,4,0.492,5.9899,0.0759,8,69
WPG,2024-25,playoffs,4on5,0,10,0.6587,5.0433,0.1155,12,63
WSH,2024-25,playoffs,4on5,0,8,0.6522,6.2897,0.0939,9,58
ANA,2025-26,regular,all,250,269,276.8786,263.9091,0.512,3923,3558
BOS,2025-26,regular,all,253,236,236.2433,269.2223,0.4674,3444,3681
BUF,2025-26,regular,all,256,221,247.546,245.2309,0.5023,3490,3590
CAR,2025-26,regular,all,273,223,295.0455,227.9223,0.5642,4129,2927
CBJ,2025-26,regular,all,230,237,252.9683,256.1796,0.4968,3573,3626
CGY,2025-26,regular,all,194,236,219.8802,263.425,0.455,3388,3646
CHI,2025-26,regular,all,201,255,217.8596,269.8032,0.4467,3114,3707
COL,2025-26,regular,all,275,184,289.6584,220.0792,0.5682,4098,3294
DAL,2025-26,regular,all,262,209,256.2074,231.396,0.5254,3037,3245
DET,2025-26,regular,all,218,236,252.7431,249.5632,0.5032,3547,3501
EDM,2025-26,regular,all,264,254,277.6225,255.0789,0.5212,3576,3402
FLA,2025-26,regular,all,232,251,255.7787,238.2864,0.5177,3614,3336
LAK,2025-26,regular,all,210,224,233.4612,231.3407,0.5023,3587,3382
MIN,2025-26,regular,all,250,220,255.0441,243.168,0.5119,3626,3657
MTL,2025-26,regular,all,264,238,266.5617,269.003,0.4977,3344,3459
NJD,2025-26,regular,all,208,238,252.254,244.5313,0.5078,3628,3385
NSH,2025-26,regular,all,226,247,239.0313,265.9076,0.4734,3460,3594
NYI,2025-26,regular,all,221,222,246.0534,263.236,0.4831,3498,3498
NYR,2025-26,regular,all,222,224,222.3083,249.2114,0.4715,3278,3560
OTT,2025-26,regular,all,256,236,262.3368,209.6596,0.5558,3577,3044
PHI,2025-26,regular,all,219,226,241.4456,227.8153,0.5145,3165,3299
PIT,2025-26,regular,all,274,242,263.5559,254.2602,0.509,3575,3512
SEA,2025-26,regular,all,207,234,214.7497,251.1299,0.461,3211,3743
SJS,2025-26,regular,all,237,272,228.3726,257.9304,0.4696,3105,3596
STL,2025-26,regular,all,217,242,222.2542,236.8482,0.4841,3067,3438
TBL,2025-26,regular,all,263,214,267.1986,233.4587,0.5337,3528,3260
TOR,2025-26,regular,all,233,271,225.9856,280.7195,0.446,3241,3985
UTA,2025-26,regular,all,249,228,251.6263,242.0155,0.5097,3514,3270
VAN,2025-26,regular,all,202,290,227.0245,280.7047,0.4471,3331,3684
VGK,2025-26,regular,all,255,231,268.4471,209.532,0.5616,3570,3164
WPG,2025-26,regular,all,215,241,226.3057,244.8176,0.4804,3315,3477
WSH,2025-26,regular,all,236,221,258.5288,265.5915,0.4933,3513,3546
ANA,2025-26,regular,5on5,172,190,189.5476,181.5257,0.5108,3057,2765
BOS,2025-26,regular,5on5,182,150,161.1063,174.3711,0.4802,2701,2796
BUF,2025-26,regular,5on5,194,156,175.9961,168.5802,0.5108,2779,2799
CAR,2025-26,regular,5on5,184,160,207.9963,160.4258,0.5646,3304,2305
CBJ,2025-26,regular,5on5,174,162,183.7114,171.5848,0.5171,2908,2846
CGY,2025-26,regular,5on5,143,176,153.2925,180.1292,0.4598,2718,2844
CHI,2025-26,regular,5on5,151,198,152.3158,195.3953,0.4381,2481,3020
COL,2025-26,regular,5on5,216,128,208.7964,152.1864,0.5784,3279,2585
DAL,2025-26,regular,5on5,170,138,168.7241,157.3189,0.5175,2341,2521
DET,2025-26,regular,5on5,142,169,163.7083,178.4599,0.4784,2747,2777
EDM,2025-26,regular,5on5,174,188,188.5638,179.3894,0.5125,2835,2719
FLA,2025-26,regular,5on5,162,181,166.3408,165.1457,0.5018,2717,2620
LAK,2025-26,regular,5on5,152,140,163.8166,153.8612,0.5157,2887,2645
MIN,2025-26,regular,5on5,168,158,178.3086,171.3186,0.51,2826,2939
MTL,2025-26,regular,5on5,184,160,177.4674,177.8947,0.4994,2577,2632
NJD,2025-26,regular,5on5,136,183,171.165,180.2819,0.487,2899,2754
NSH,2025-26,regular,5on5,151,180,164.4323,182.3847,0.4741,2687,2868
NYI,2025-26,regular,5on5,145,159,167.0927,183.8391,0.4761,2703,2784
NYR,2025-26,regular,5on5,153,156,150.9345,165.8359,0.4765,2563,2780
OTT,2025-26,regular,5on5,179,163,179.8217,143.9436,0.5554,2781,2397
PHI,2025-26,regular,5on5,161,149,161.0867,152.0074,0.5145,2420,2554
PIT,2025-26,regular,5on5,201,175,186.7102,178.6311,0.5111,2815,2758
SEA,2025-26,regular,5on5,153,160,151.4358,178.1995,0.4594,2558,3045
SJS,2025-26,regular,5on5,163,190,156.9927,177.7297,0.469,2412,2789
STL,2025-26,regular,5on5,164,174,166.1101,164.4103,0.5026,2525,2731
TBL,2025-26,regular,5on5,195,152,182.6334,155.0186,0.5409,2761,2511
TOR,2025-26,regular,5on5,171,206,158.3696,190.8895,0.4534,2581,3147
UTA,2025-26,regular,5on5,185,163,183.8065,166.1735,0.5252,2841,2533
VAN,2025-26,regular,5on5,131,210,151.3299,205.6668,0.4239,2560,2984
VGK,2025-26,regular,5on5,174,172,184.2035,148.3602,0.5539,2838,2534
WPG,2025-26,regular,5on5,155,171,155.9407,172.9643,0.4741,2625,2775
WSH,2025-26,regular,5on5,179,147,180.2407,178.0752,0.503,2745,2714
ANA,2025-26,regular,5on4,45,5,53.3601,7.1057,0.8825,524,84
BOS,2025-26,regular,5on4,49,9,51.9245,8.3248,0.8618,495,99
BUF,2025-26,regular,5on4,47,5,50.3762,5.2625,0.9054,495,72
CAR,2025-26,regular,5on4,51,4,51.1937,6.6131,0.8856,490,79
CBJ,2025-26,regular,5on4,33,3,42.5517,3.958,0.9149,390,59
CGY,2025-26,regular,5on4,29,3,42.1664,7.9693,0.841,418,88
CHI,2025-26,regular,5on4,35,2,40.3276,5.3413,0.883,394,74
COL,2025-26,regular,5on4,40,11,55.5396,6.2629,0.8987,565,85
DAL,2025-26,regular,5on4,65,7,59.132,5.6513,0.9128,463,76
DET,2025-26,regular,5on4,51,4,61.5064,5.12,0.9232,537,79
EDM,2025-26,regular,5on4,63,6,58.11,5.5646,0.9126,465,66
FLA,2025-26,regular,5on4,51,5,60.6451,5.7144,0.9139,584,74
LAK,2025-26,regular,5on4,32,6,43.437,7.0114,0.861,455,89
MIN,2025-26,regular,5on4,55,4,51.0335,4.7772,0.9144,527,72
MTL,2025-26,regular,5on4,51,4,53.0366,4.5806,0.9205,435,63
NJD,2025-26,regular,5on4,43,2,51.0804,5.0778,0.9096,451,58
NSH,2025-26,regular,5on4,52,2,48.1825,7.5549,0.8645,476,91
NYI,2025-26,regular,5on4,36,9,45.2843,5.8424,0.8857,441,76
NYR,2025-26,regular,5on4,49,8,49.1978,8.5315,0.8522,464,78
OTT,2025-26,regular,5on4,60,5,55.3332,5.726,0.9062,543,67
PHI,2025-26,regular,5on4,33,7,54.193,5.9462,0.9011,485,72
PIT,2025-26,regular,5on4,49,9,48.0682,9.5744,0.8339,477,93
SEA,2025-26,regular,5on4,37,7,43.3488,5.0487,0.8957,441,70
SJS,2025-26,regular,5on4,46,7,48.2416,7.5629,0.8645,467,90
STL,2025-26,regular,5on4,37,4,38.5416,6.4304,0.857,353,74
TBL,2025-26,regular,5on4,45,4,52.3026,4.9902,0.9129,475,77
TOR,2025-26,regular,5on4,37,7,43.2508,6.1564,0.8754,400,70
UTA,2025-26,regular,5on4,42,3,49.0431,6.1892,0.8879,454,77
VAN,2025-26,regular,5on4,49,3,46.9041,4.3473,0.9152,465,67
VGK,2025-26,regular,5on4,55,4,56.8649,4.8505,0.9214,473,67
WPG,2025-26,regular,5on4,41,4,46.5701,4.738,0.9077,444,64
WSH,2025-26,regular,5on4,39,10,50.7342,8.0494,0.8631,492,92
ANA,2025-26,regular,4on5,7,58,8.6563,52.0338,0.1426,96,515
BOS,2025-26,regular,4on5,2,52,4.5586,56.4378,0.0747,78,520
BUF,2025-26,regular,4on5,9,36,5.8089,48.4884,0.107,59,488
CAR,2025-26,regular,4on5,9,42,12.1029,44.082,0.2154,116,382
CBJ,2025-26,regular,4on5,5,50,5.5866,57.7986,0.0881,74,514
CGY,2025-26,regular,4on5,10,41,7.9711,51.3641,0.1343,102,491
CHI,2025-26,regular,4on5,5,36,5.0766,52.0128,0.0889,63,463
COL,2025-26,regular,4on5,2,34,5.5512,44.7572,0.1103,80,446
DAL,2025-26,regular,4on5,4,47,5.2221,50.2335,0.0942,66,475
DET,2025-26,regular,4on5,3,43,4.9744,47.9742,0.0939,56,461
EDM,2025-26,regular,4on5,5,46,7.622,52.5212,0.1267,90,455
FLA,2025-26,regular,4on5,6,45,9.1339,45.8695,0.1661,109,463
LAK,2025-26,regular,4on5,6,53,6.458,44.3758,0.127,83,407
MIN,2025-26,regular,4on5,6,40,2.9688,47.7497,0.0585,62,469
MTL,2025-26,regular,4on5,5,47,7.5471,58.46,0.1143,87,513
NJD,2025-26,regular,4on5,6,39,7.644,42.0877,0.1537,80,416
NSH,2025-26,regular,4on5,7,40,5.4156,53.1181,0.0925,79,428
NYI,2025-26,regular,4on5,8,35,7.2216,54.3782,0.1172,87,459
NYR,2025-26,regular,4on5,5,48,4.938,55.5825,0.0816,70,530
OTT,2025-26,regular,4on5,6,47,7.4309,40.9478,0.1536,67,384
PHI,2025-26,regular,4on5,6,53,5.5109,50.6179,0.0982,77,487
PIT,2025-26,regular,4on5,4,39,5.896,44.3992,0.1172,82,469
SEA,2025-26,regular,4on5,1,56,1.5235,50.2922,0.0294,33,454
SJS,2025-26,regular,4on5,3,55,5.9199,55.7734,0.096,63,554
STL,2025-26,regular,4on5,5,49,4.0565,46.4551,0.0803,67,449
TBL,2025-26,regular,4on5,5,41,6.0241,51.7243,0.1043,70,477
TOR,2025-26,regular,4on5,6,41,5.5891,59.4213,0.086,77,564
UTA,2025-26,regular,4on5,6,46,4.4469,53.8184,0.0763,75,512
VAN,2025-26,regular,4on5,7,56,6.2555,49.3902,0.1124,81,434
VGK,2025-26,regular,4on5,6,36,5.5494,35.9323,0.1338,56,361
WPG,2025-26,regular,4on5,5,47,8.0145,45.0477,0.151,84,438
WSH,2025-26,regular,4on5,3,49,5.1984,58.3367,0.0818,73,560
ANA,2025-26,playoffs,all,35,40,33.1345,34.3153,0.4912,580,473
BOS,2025-26,playoffs,all,12,17,14.9407,19.3502,0.4357,233,296
BUF,2025-26,playoffs,all,39,37,44.5977,38.1595,0.5389,622,528
CAR,2025-26,playoffs,all,60,38,69.2152,53.5973,0.5636,964,692
COL,2025-26,playoffs,all,38,33,39.287,32.7339,0.5455,636,514
DAL,2025-26,playoffs,all,14,19,18.4346,16.0431,0.5347,277,259
EDM,2025-26,playoffs,all,21,23,16.1225,16.5219,0.4939,243,287
LAK,2025-26,playoffs,all,5,11,8.4939,11.4157,0.4266,157,192
MIN,2025-26,playoffs,all,36,34,29.8883,35.2499,0.4588,473,540
MTL,2025-26,playoffs,all,51,53,52.9537,68.2978,0.4367,678,904
OTT,2025-26,playoffs,all,5,9,13.4487,16.9441,0.4425,178,225
PHI,2025-26,playoffs,all,19,23,25.6734,29.7802,0.463,356,489
PIT,2025-26,playoffs,all,10,14,15.2556,15.1278,0.5021,284,226
TBL,2025-26,playoffs,all,15,16,22.1169,19.8738,0.5267,314,247
UTA,2025-26,playoffs,all,18,21,15.3462,18.6544,0.4514,274,295
VGK,2025-26,playoffs,all,69,59,66.9839,59.828,0.5282,916,1018
ANA,2025-26,playoffs,5on5,22,28,23.1335,24.3169,0.4875,457,383
BOS,2025-26,playoffs,5on5,9,15,9.933,11.9594,0.4537,174,207
BUF,2025-26,playoffs,5on5,28,25,30.4226,24.6729,0.5522,456,391
CAR,2025-26,playoffs,5on5,46,28,47.1123,36.7941,0.5615,754,537
COL,2025-26,playoffs,5on5,27,22,27.405,21.6811,0.5583,509,395
DAL,2025-26,playoffs,5on5,4,14,11.4171,10.2835,0.5261,213,192
EDM,2025-26,playoffs,5on5,17,14,11.6388,11.7905,0.4968,200,237
LAK,2025-26,playoffs,5on5,2,9,5.6487,8.4147,0.4017,122,160
MIN,2025-26,playoffs,5on5,25,18,18.7197,23.1786,0.4468,346,424
MTL,2025-26,playoffs,5on5,34,36,33.6164,46.5878,0.4191,507,676
OTT,2025-26,playoffs,5on5,3,7,9.4785,11.0522,0.4617,143,175
PHI,2025-26,playoffs,5on5,14,14,16.6879,19.5187,0.4609,256,372
PIT,2025-26,playoffs,5on5,5,11,10.2647,9.8326,0.5108,224,163
TBL,2025-26,playoffs,5on5,9,11,12.9866,11.0829,0.5395,218,177
UTA,2025-26,playoffs,5on5,17,14,10.6234,12.8087,0.4534,218,241
VGK,2025-26,playoffs,5on5,49,45,45.7498,40.8631,0.5282,731,798
ANA,2025-26,playoffs,5on4,12,2,7.5119,0.8963,0.8934,83,12
BOS,2025-26,playoffs,5on4,1,0,3.5122,0.3049,0.9201,36,7
BUF,2025-26,playoffs,5on4,10,2,10.7998,1.1428,0.9043,115,16
CAR,2025-26,playoffs,5on4,11,0,14.8459,1.2124,0.9245,136,14
COL,2025-26,playoffs,5on4,6,1,8.1143,0.8633,0.9038,69,11
DAL,2025-26,playoffs,5on4,10,0,5.7955,0.2986,0.951,49,5
EDM,2025-26,playoffs,5on4,4,1,3.8039,0.1904,0.9523,31,3
LAK,2025-26,playoffs,5on4,1,1,2.0572,0.3368,0.8593,26,8
MIN,2025-26,playoffs,5on4,6,0,8.1142,0.111,0.9865,94,6
MTL,2025-26,playoffs,5on4,15,0,14.9439,0.4575,0.9703,113,11
OTT,2025-26,playoffs,5on4,1,0,2.1469,1.3098,0.6211,21,14
PHI,2025-26,playoffs,5on4,3,1,4.5283,1.3196,0.7743,49,15
PIT,2025-26,playoffs,5on4,4,1,3.9395,1.6685,0.7025,43,12
TBL,2025-26,playoffs,5on4,5,0,7.2404,0.7776,0.903,74,8
UTA,2025-26,playoffs,5on4,1,2,3.7138,0.852,0.8134,42,8
VGK,2025-26,playoffs,5on4,13,1,16.5595,0.7005,0.9594,137,16
ANA,2025-26,playoffs,4on5,1,9,0.2998,8.6073,0.0337,8,69
BOS,2025-26,playoffs,4on5,1,1,0.7621,5.6014,0.1198,10,64
BUF,2025-26,playoffs,4on5,0,9,0.5975,10.0682,0.056,14,86
CAR,2025-26,playoffs,4on5,1,6,2.7977,10.9162,0.204,35,89
COL,2025-26,playoffs,4on5,2,5,0.7111,7.6684,0.0849,15,85
DAL,2025-26,playoffs,4on5,0,4,0.1101,4.8504,0.0222,4,56
EDM,2025-26,playoffs,4on5,0,8,0.3167,4.0866,0.0719,5,41
LAK,2025-26,playoffs,4on5,0,1,0.1632,2.2498,0.0676,4,17
MIN,2025-26,playoffs,4on5,1,15,0.8308,9.81,0.0781,11,84
MTL,2025-26,playoffs,4on5,1,16,1.1957,16.8108,0.0664,16,164
OTT,2025-26,playoffs,4on5,0,2,0.3355,2.8379,0.1057,2,25
PHI,2025-26,playoffs,4on5,1,6,2.0675,7.5296,0.2154,20,81
PIT,2025-26,playoffs,4on5,0,2,0.2144,2.399,0.082,4,33
TBL,2025-26,playoffs,4on5,0,5,0.0,6.8887,0.0,0,51
UTA,2025-26,playoffs,4on5,0,4,0.0,4.2679,0.0,0,38
VGK,2025-26,playoffs,4on5,4,10,2.0398,13.035,0.1353,18,135
